ID,District,Province,given_label,suggested_label,pred_confidence,uncertainty,is_issue
1-102-18-1-14032023-1-1402,Bahawalpur,Punjab,Wheat,Maize,0.9997,0.0031,True
1-102-18-1-14032023-1-1406,Bahawalpur,Punjab,Wheat,Rapeseed Mustard,0.999,0.0089,True
1-102-18-1-15032023-1-1544,Bahawalpur,Punjab,Rapeseed Mustard,Wheat,0.9994,0.0056,True
1-102-18-1-15032023-1-1555,Bahawalpur,Punjab,Wheat,Barseem,0.9973,0.0217,True
1-102-18-1-16032023-1-1656,Bahawalpur,Punjab,Maize,Wheat,0.9979,0.0166,True
1-104-1-1-08032023-2-824,Chiniot,Punjab,Sugarcane,Wheat,0.9991,0.0084,True
1-104-1-1-09032023-2-947,Chiniot,Punjab,Sugarcane,Wheat,0.9987,0.012,True
1-104-1-1-10032023-1-1155,Chiniot,Punjab,Sugarcane,Maize,0.9989,0.0092,True
1-104-1-1-10032023-1-1162,Chiniot,Punjab,Rapeseed Mustard,Wheat,0.9983,0.0144,True
1-104-1-1-10032023-2-1157,Chiniot,Punjab,Barseem,Maize,0.9998,0.0026,True
1-104-17-1-10032023-2-745,Chiniot,Punjab,Sugarcane,Wheat,0.999,0.0095,True
1-106-1-1-16032023-2-2201,Faisalabad,Punjab,Barseem,Wheat,0.9988,0.0104,True
1-106-1-1-16032023-2-2289,Faisalabad,Punjab,Barseem,Wheat,0.9973,0.0203,True
1-106-1-1-16032023-2-2306,Faisalabad,Punjab,Wheat,Barseem,0.9976,0.0194,True
1-106-1-1-17032023-1-2614,Faisalabad,Punjab,Wheat,Barseem,0.9986,0.0126,True
1-106-1-1-17032023-2-2494,Faisalabad,Punjab,Barseem,Wheat,0.9991,0.0082,True
1-106-1-1-17032023-2-2524,Faisalabad,Punjab,Barseem,Wheat,0.9975,0.0206,True
1-106-1-1-17032023-2-2562,Faisalabad,Punjab,Barseem,Wheat,0.999,0.0092,True
1-106-1-1-17032023-2-2658,Faisalabad,Punjab,Sugarcane,Wheat,0.9982,0.0152,True
1-107-1-1-11032023-2-1273,Jhang,Punjab,Barseem,Sugarcane,0.9986,0.0112,True
1-107-1-1-12032023-2-1371,Jhang,Punjab,Wheat,Barseem,0.9981,0.0159,True
1-107-1-1-12032023-2-1383,Jhang,Punjab,Barseem,Wheat,0.9993,0.0064,True
1-107-1-1-12032023-2-1579,Jhang,Punjab,Wheat,Barseem,0.9995,0.0045,True
1-107-1-1-13032023-2-1641,Jhang,Punjab,Sugarcane,Barseem,0.9994,0.0054,True
1-107-17-1-10032023-1-785,Jhang,Punjab,Wheat,Barseem,0.9973,0.0203,True
1-107-17-1-10032023-2-784,Jhang,Punjab,Barseem,Wheat,0.9998,0.0023,True
1-107-17-1-12032023-2-1011,Jhang,Punjab,Wheat,Barseem,0.9994,0.0058,True
1-107-17-1-12032023-2-1012,Jhang,Punjab,Wheat,Rapeseed Mustard,0.9977,0.0178,True
1-109-21-1-05032023-2-756,Khushab,Punjab,Wheat,Barseem,0.9991,0.008,True
1-109-21-1-05032023-2-759,Khushab,Punjab,Wheat,Barseem,0.9995,0.0046,True
1-109-21-1-06032023-2-891,Khushab,Punjab,Wheat,Barseem,0.9999,0.001,True
1-109-21-1-06032023-2-926,Khushab,Punjab,Rapeseed Mustard,Wheat,0.9983,0.0142,True
1-109-21-1-06032023-2-976,Khushab,Punjab,Rapeseed Mustard,Wheat,0.9974,0.0203,True
1-110-20-1-11032023-1-1485,Layyah,Punjab,Wheat,Sugarcane,0.999,0.009,True
1-110-20-1-11032023-1-1488,Layyah,Punjab,Wheat,Sugarcane,0.9992,0.0071,True
1-110-20-1-11032023-2-1489,Layyah,Punjab,Wheat,Sugarcane,0.9994,0.0056,True
1-110-20-1-11032023-2-1498,Layyah,Punjab,Wheat,Sugarcane,0.9994,0.0059,True
1-110-20-1-12032023-2-1701,Layyah,Punjab,Wheat,Rapeseed Mustard,0.9989,0.0098,True
1-110-20-1-13032023-2-1761,Layyah,Punjab,Maize,Wheat,0.9988,0.0109,True
1-110-21-1-11032023-1-1604,Layyah,Punjab,Sugarcane,Wheat,0.9992,0.0073,True
1-110-21-1-13032023-1-1919,Layyah,Punjab,Wheat,Rapeseed Mustard,0.9996,0.0038,True
1-110-21-1-13032023-2-1855,Layyah,Punjab,Wheat,Barseem,0.9995,0.0049,True
1-111-16-1-17032023-1-1841,Lodhran,Punjab,Wheat,Barseem,0.9993,0.0065,True
1-111-18-1-17032023-1-1860,Lodhran,Punjab,Maize,Barseem,0.9975,0.0203,True
1-112-20-1-02032023-2-181,Mianwali,Punjab,Rapeseed Mustard,Wheat,0.9991,0.0081,True
1-112-20-1-02032023-2-258,Mianwali,Punjab,Rapeseed Mustard,Wheat,0.9993,0.0063,True
1-112-20-1-02032023-2-271,Mianwali,Punjab,Rapeseed Mustard,Wheat,0.9996,0.004,True
1-112-20-1-02032023-2-283,Mianwali,Punjab,Rapeseed Mustard,Wheat,0.9996,0.0044,True
1-112-20-1-02032023-2-287,Mianwali,Punjab,Rapeseed Mustard,Wheat,0.9987,0.0108,True
1-112-20-1-02032023-2-305,Mianwali,Punjab,Rapeseed Mustard,Wheat,0.999,0.0091,True
1-112-20-1-02032023-2-5,Mianwali,Punjab,Wheat,Rapeseed Mustard,0.9981,0.0162,True
1-112-20-1-03032023-1-452,Mianwali,Punjab,Maize,Wheat,0.9992,0.0078,True
1-112-20-1-03032023-2-353,Mianwali,Punjab,Rapeseed Mustard,Wheat,0.9989,0.0094,True
1-112-20-1-04032023-2-509,Mianwali,Punjab,Rapeseed Mustard,Wheat,0.9974,0.0204,True
1-112-20-1-04032023-2-527,Mianwali,Punjab,Rapeseed Mustard,Wheat,0.9979,0.0166,True
1-112-20-1-04032023-2-541,Mianwali,Punjab,Rapeseed Mustard,Wheat,0.9974,0.0209,True
1-112-21-1-02032023-2-103,Mianwali,Punjab,Rapeseed Mustard,Wheat,0.9993,0.007,True
1-112-21-1-02032023-2-152,Mianwali,Punjab,Rapeseed Mustard,Wheat,0.9993,0.0068,True
1-112-21-1-02032023-2-189,Mianwali,Punjab,Rapeseed Mustard,Barseem,0.998,0.0167,True
1-112-21-1-02032023-2-195,Mianwali,Punjab,Rapeseed Mustard,Wheat,0.9994,0.0055,True
1-112-21-1-02032023-2-203,Mianwali,Punjab,Rapeseed Mustard,Wheat,0.9993,0.0064,True
1-112-21-1-02032023-2-204,Mianwali,Punjab,Rapeseed Mustard,Wheat,0.9981,0.0157,True
1-112-21-1-02032023-2-213,Mianwali,Punjab,Barseem,Wheat,0.9994,0.0055,True
1-112-21-1-02032023-2-244,Mianwali,Punjab,Rapeseed Mustard,Wheat,0.9995,0.0053,True
1-112-21-1-03032023-1-491,Mianwali,Punjab,Wheat,Rapeseed Mustard,0.9988,0.0107,True
1-112-21-1-03032023-2-288,Mianwali,Punjab,Wheat,Sugarcane,0.999,0.0084,True
1-112-21-1-03032023-2-306,Mianwali,Punjab,Barseem,Wheat,0.9975,0.02,True
1-112-21-1-03032023-2-312,Mianwali,Punjab,Rapeseed Mustard,Wheat,0.9993,0.0069,True
1-112-21-1-03032023-2-317,Mianwali,Punjab,Rapeseed Mustard,Wheat,0.9992,0.0074,True
1-112-21-1-03032023-2-344,Mianwali,Punjab,Rapeseed Mustard,Wheat,0.9991,0.0082,True
1-112-21-1-03032023-2-361,Mianwali,Punjab,Barseem,Rapeseed Mustard,0.9981,0.0161,True
1-112-21-1-03032023-2-373,Mianwali,Punjab,Rapeseed Mustard,Wheat,0.999,0.0094,True
1-112-21-1-04032023-2-500,Mianwali,Punjab,Rapeseed Mustard,Wheat,0.9982,0.0149,True
1-112-21-1-04032023-2-523,Mianwali,Punjab,Wheat,Rapeseed Mustard,0.9991,0.0086,True
1-112-21-1-04032023-2-607,Mianwali,Punjab,Rapeseed Mustard,Wheat,0.9993,0.0065,True
1-112-21-1-04032023-2-637,Mianwali,Punjab,Rapeseed Mustard,Wheat,0.9992,0.0069,True
1-113-16-1-02032023-1-112,Multan,Punjab,Wheat,Rapeseed Mustard,0.9977,0.019,True
1-113-16-1-03032023-1-302,Multan,Punjab,Sugarcane,Wheat,0.998,0.017,True
1-113-18-1-02032023-2-26,Multan,Punjab,Wheat,Barseem,0.9991,0.0084,True
1-113-18-1-02032023-2-81,Multan,Punjab,Barseem,Wheat,0.9985,0.013,True
1-113-18-1-03032023-2-172,Multan,Punjab,Wheat,Barseem,0.9998,0.0021,True
1-113-18-1-03032023-2-214,Multan,Punjab,Wheat,Rapeseed Mustard,0.998,0.0164,True
1-113-18-1-03032023-2-293,Multan,Punjab,Maize,Wheat,0.9995,0.0047,True
1-113-18-1-04032023-2-61,Multan,Punjab,Maize,Rapeseed Mustard,0.9997,0.0027,True
1-114-20-1-15032023-2-2104,Muzaffargarh,Punjab,Maize,Sugarcane,0.9995,0.0044,True
1-114-21-1-14032023-1-2009,Muzaffargarh,Punjab,Wheat,Sugarcane,0.9998,0.0019,True
1-114-21-1-14032023-2-1999,Muzaffargarh,Punjab,Sugarcane,Wheat,0.9993,0.0063,True
1-114-21-1-16032023-2-2171,Muzaffargarh,Punjab,Rapeseed Mustard,Wheat,0.9995,0.0046,True
1-115-1-1-06032023-2-401,Sahiwal,Punjab,Wheat,Barseem,0.9986,0.0128,True
1-116-5-1-05032023-2-276,Rahim Yar Khan,Punjab,Wheat,Sugarcane,0.9989,0.0096,True
1-116-5-1-05032023-2-326,Rahim Yar Khan,Punjab,Wheat,Sugarcane,0.9986,0.0127,True
1-116-5-1-05032023-2-337,Rahim Yar Khan,Punjab,Wheat,Sugarcane,0.9987,0.011,True
1-116-5-1-06032023-2-398,Rahim Yar Khan,Punjab,Sugarcane,Wheat,0.9994,0.0058,True
1-116-5-1-06032023-2-458,Rahim Yar Khan,Punjab,Wheat,Sugarcane,0.9986,0.0117,True
1-116-5-1-06032023-2-461,Rahim Yar Khan,Punjab,Barseem,Wheat,0.9987,0.0115,True
1-116-5-1-06032023-2-466,Rahim Yar Khan,Punjab,Sugarcane,Wheat,0.9994,0.006,True
1-116-5-1-06032023-2-483,Rahim Yar Khan,Punjab,Barseem,Wheat,0.9983,0.0141,True
1-116-5-1-07032023-2-503,Rahim Yar Khan,Punjab,Barseem,Wheat,0.9979,0.0168,True
1-116-5-1-07032023-2-527,Rahim Yar Khan,Punjab,Rapeseed Mustard,Barseem,0.9992,0.0071,True
1-116-5-1-07032023-2-560,Rahim Yar Khan,Punjab,Sugarcane,Wheat,0.998,0.016,True
1-116-5-1-07032023-2-578,Rahim Yar Khan,Punjab,Wheat,Sugarcane,0.9987,0.011,True
1-116-5-1-07032023-2-586,Rahim Yar Khan,Punjab,Wheat,Sugarcane,0.9974,0.0209,True
1-116-5-1-08032023-2-684,Ghotki,Sindh,Wheat,Sugarcane,0.9998,0.0022,True
1-116-5-1-09032023-2-741,Ghotki,Sindh,Wheat,Sugarcane,0.9976,0.0187,True
1-117-22-1-03032023-2-195,Rajanpur,Punjab,Rapeseed Mustard,Wheat,0.9994,0.0055,True
1-117-22-1-04032023-2-321,Rajanpur,Punjab,Barseem,Wheat,0.9993,0.0067,True
1-117-22-1-05032023-1-375,Rahim Yar Khan,Punjab,Wheat,Sugarcane,0.9995,0.005,True
1-117-22-1-05032023-2-339,Rahim Yar Khan,Punjab,Rapeseed Mustard,Wheat,0.9994,0.0058,True
1-117-22-1-05032023-2-408,Rahim Yar Khan,Punjab,Sugarcane,Barseem,0.9993,0.0067,True
1-117-22-1-05032023-2-424,Rahim Yar Khan,Punjab,Wheat,Barseem,0.9982,0.014,True
1-117-22-1-05032023-2-477,Rahim Yar Khan,Punjab,Sugarcane,Barseem,0.9991,0.0079,True
1-117-22-1-06032023-2-489,Rahim Yar Khan,Punjab,Maize,Sugarcane,0.9986,0.0115,True
1-117-22-1-06032023-2-593,Rahim Yar Khan,Punjab,Wheat,Sugarcane,0.9991,0.0074,True
1-117-22-1-06032023-2-601,Rahim Yar Khan,Punjab,Sugarcane,Wheat,0.9979,0.0172,True
1-117-22-1-06032023-2-616,Rahim Yar Khan,Punjab,Rapeseed Mustard,Wheat,0.9987,0.0117,True
1-117-22-1-06032023-2-648,Rahim Yar Khan,Punjab,Wheat,Maize,0.9993,0.0065,True
1-117-22-1-06032023-2-656,Rahim Yar Khan,Punjab,Barseem,Wheat,0.9977,0.0189,True
1-117-22-1-06032023-2-671,Rahim Yar Khan,Punjab,Wheat,Barseem,0.9996,0.004,True
1-117-22-1-06032023-2-686,Rahim Yar Khan,Punjab,Rapeseed Mustard,Wheat,0.9982,0.0158,True
1-117-22-1-07032023-1-751,Rahim Yar Khan,Punjab,Rapeseed Mustard,Wheat,0.9994,0.0058,True
1-117-22-1-07032023-2-718,Rahim Yar Khan,Punjab,Barseem,Wheat,0.998,0.0169,True
1-117-22-1-07032023-2-723,Rahim Yar Khan,Punjab,Sugarcane,Barseem,0.9992,0.0073,True
1-117-22-1-07032023-2-766,Rahim Yar Khan,Punjab,Wheat,Rapeseed Mustard,0.9994,0.0061,True
1-117-5-1-02032023-1-12,Rajanpur,Punjab,Rapeseed Mustard,Wheat,0.9996,0.004,True
1-117-5-1-03032023-2-152,Rajanpur,Punjab,Wheat,Rapeseed Mustard,0.9997,0.0027,True
1-118-1-1-02032023-2-32,Sialkot,Punjab,Wheat,Barseem,0.9975,0.0184,True
1-118-1-1-03032023-2-120,Sialkot,Punjab,Barseem,Wheat,0.9993,0.0063,True
1-118-1-1-03032023-2-143,Sialkot,Punjab,Barseem,Wheat,0.9982,0.0147,True
1-118-17-1-02032023-2-29,Sialkot,Punjab,Wheat,Barseem,0.9978,0.0165,True
1-118-17-1-03032023-1-202,Sialkot,Punjab,Sugarcane,Wheat,0.9993,0.0066,True
1-118-17-1-04032023-1-260,Sialkot,Punjab,Maize,Wheat,0.9973,0.0214,True
1-119-1-1-13032023-2-1675,Toba Tek Singh,Punjab,Wheat,Barseem,0.999,0.0089,True
1-119-1-1-14032023-2-1869,Toba Tek Singh,Punjab,Wheat,Barseem,0.9978,0.0175,True
1-119-1-1-14032023-2-1908,Toba Tek Singh,Punjab,Barseem,Wheat,0.9989,0.01,True
1-119-1-1-14032023-2-1937,Toba Tek Singh,Punjab,Barseem,Wheat,0.9979,0.0176,True
1-119-1-1-14032023-2-1964,Toba Tek Singh,Punjab,Rapeseed Mustard,Wheat,0.9986,0.0119,True
1-119-1-1-14032023-2-2064,Toba Tek Singh,Punjab,Barseem,Wheat,0.999,0.0091,True
1-119-1-1-14032023-2-2095,Toba Tek Singh,Punjab,Barseem,Rapeseed Mustard,0.9996,0.0037,True
1-119-17-1-14032023-1-1303,Toba Tek Singh,Punjab,Rapeseed Mustard,Wheat,0.9992,0.0077,True
1-119-17-1-14032023-2-1329,Toba Tek Singh,Punjab,Wheat,Sugarcane,0.9977,0.0176,True
1-119-17-1-14032023-2-1341,Toba Tek Singh,Punjab,Wheat,Maize,0.9993,0.0065,True
1-120-16-1-09032023-1-1125,Vehari,Punjab,Maize,Wheat,0.9973,0.0213,True
1-120-16-1-10032023-1-1188,Vehari,Punjab,Wheat,Rapeseed Mustard,0.9995,0.0052,True
1-120-18-1-08032023-1-726,Vehari,Punjab,Wheat,Maize,0.9997,0.003,True
1-120-18-1-09032023-2-937,Vehari,Punjab,Maize,Wheat,0.9981,0.0156,True
2-201-13-1-03032023-1-4,Badin,Sindh,Wheat,Barseem,0.9999,0.0011,True
2-201-13-1-04032023-1-140,Badin,Sindh,Rapeseed Mustard,Wheat,0.9978,0.0187,True
2-201-13-1-05032023-2-283,Badin,Sindh,Barseem,Wheat,0.9993,0.0061,True
2-201-13-1-05032023-2-286,Badin,Sindh,Rapeseed Mustard,Wheat,0.9994,0.006,True
2-201-13-1-06032023-2-413,Badin,Sindh,Sugarcane,Barseem,0.9986,0.0121,True
2-201-13-1-07032023-2-435,Mirpur Khas,Sindh,Wheat,Barseem,0.9986,0.0124,True
2-201-15-1-04032023-2-113,Badin,Sindh,Rapeseed Mustard,Wheat,0.9989,0.01,True
2-201-15-1-05032023-2-274,Badin,Sindh,Rapeseed Mustard,Wheat,0.9972,0.0221,True
2-201-15-1-05032023-2-281,Badin,Sindh,Rapeseed Mustard,Barseem,0.9999,0.001,True
2-201-15-1-05032023-2-298,Badin,Sindh,Wheat,Rapeseed Mustard,0.9998,0.0019,True
2-201-15-1-06032023-2-384,Badin,Sindh,Wheat,Rapeseed Mustard,0.9983,0.0134,True
2-201-15-1-07032023-2-415,Mirpur Khas,Sindh,Wheat,Sugarcane,0.9985,0.0133,True
2-201-15-1-07032023-2-436,Mirpur Khas,Sindh,Sugarcane,Wheat,0.9973,0.0218,True
2-202-12-1-14032023-1-1538,Dadu,Sindh,Wheat,Barseem,0.9974,0.0215,True
2-202-12-1-14032023-1-1544,Dadu,Sindh,Wheat,Barseem,0.9988,0.011,True
2-202-14-1-13032023-1-1559,Dadu,Sindh,Sugarcane,Wheat,0.9992,0.0077,True
2-202-14-1-14032023-1-1570,Dadu,Sindh,Rapeseed Mustard,Wheat,0.9991,0.0085,True
2-202-14-1-14032023-1-1634,Dadu,Sindh,Rapeseed Mustard,Wheat,0.9981,0.0152,True
2-202-14-1-14032023-1-1636,Dadu,Sindh,Wheat,Rapeseed Mustard,0.9997,0.0033,True
2-203-22-1-08032023-2-914,Ghotki,Sindh,Wheat,Barseem,0.9986,0.0124,True
2-203-22-1-08032023-2-937,Ghotki,Sindh,Wheat,Sugarcane,0.9994,0.0053,True
2-204-22-1-14032023-2-1461,Jacobabad,Sindh,Barseem,Wheat,0.9987,0.0113,True
2-204-22-1-14032023-2-1507,Jacobabad,Sindh,Barseem,Rapeseed Mustard,0.9983,0.0142,True
2-204-5-1-13032023-2-973,Jacobabad,Sindh,Wheat,Rapeseed Mustard,0.9989,0.0098,True
2-204-5-1-14032023-2-1125,Jacobabad,Sindh,Wheat,Rapeseed Mustard,0.9984,0.0136,True
2-204-5-1-15032023-2-1149,Jacobabad,Sindh,Rapeseed Mustard,Wheat,0.9979,0.017,True
2-205-13-1-16032023-1-1510,Jamshoro,Sindh,Maize,Wheat,0.9992,0.0073,True
2-205-13-1-18032023-1-1705,Jamshoro,Sindh,Maize,Wheat,0.9975,0.0206,True
2-205-13-1-18032023-2-1772,Jamshoro,Sindh,Maize,Wheat,0.9978,0.0182,True
2-205-13-1-18032023-2-1805,Jamshoro,Sindh,Wheat,Barseem,0.9994,0.006,True
2-205-13-1-18032023-2-1818,Jamshoro,Sindh,Wheat,Rapeseed Mustard,0.9992,0.0078,True
2-205-13-1-19032023-2-1996,Jamshoro,Sindh,Wheat,Maize,0.9987,0.0109,True
2-205-13-1-19032023-2-1999,Jamshoro,Sindh,Barseem,Wheat,0.9993,0.0068,True
2-205-15-1-16032023-2-1566,Jamshoro,Sindh,Barseem,Wheat,0.998,0.0163,True
2-205-15-1-16032023-2-1617,Jamshoro,Sindh,Wheat,Rapeseed Mustard,0.9972,0.0219,True
2-205-15-1-18032023-1-1814,Jamshoro,Sindh,Wheat,Barseem,0.999,0.0091,True
2-205-15-1-18032023-2-1792,Jamshoro,Sindh,Maize,Wheat,0.9986,0.0128,True
2-205-15-1-18032023-2-1798,Jamshoro,Sindh,Maize,Wheat,0.9994,0.0055,True
2-205-15-1-18032023-2-1803,Jamshoro,Sindh,Maize,Wheat,0.9991,0.0084,True
2-205-15-1-19032023-2-1941,Jamshoro,Sindh,Rapeseed Mustard,Wheat,0.9991,0.0085,True
2-205-15-1-19032023-2-1976,Jamshoro,Sindh,Barseem,Wheat,0.9994,0.0057,True
2-205-15-1-19032023-2-1986,Jamshoro,Sindh,Barseem,Wheat,0.9985,0.0129,True
2-205-15-1-19032023-2-1996,Jamshoro,Sindh,Barseem,Wheat,0.9987,0.0117,True
2-206-5-1-10032023-2-773,Kashmore,Sindh,Rapeseed Mustard,Wheat,0.9978,0.0177,True
2-206-5-1-11032023-2-822,Kashmore,Sindh,Wheat,Barseem,0.9983,0.0139,True
2-206-5-1-12032023-2-907,Kashmore,Sindh,Rapeseed Mustard,Wheat,0.9978,0.0184,True
2-206-5-1-12032023-2-908,Kashmore,Sindh,Rapeseed Mustard,Wheat,0.9977,0.0188,True
2-207-12-1-16032023-1-1759,Khairpur,Sindh,Wheat,Barseem,0.9997,0.003,True
2-207-12-1-16032023-1-1798,Khairpur,Sindh,Sugarcane,Wheat,0.9996,0.0043,True
2-207-12-1-16032023-1-1805,Khairpur,Sindh,Sugarcane,Wheat,0.9986,0.0121,True
2-207-12-1-17032023-1-1868,Khairpur,Sindh,Wheat,Barseem,0.9992,0.0076,True
2-207-14-1-15032023-1-1717,Khairpur,Sindh,Sugarcane,Wheat,0.9973,0.0222,True
2-207-14-1-15032023-1-1723,Khairpur,Sindh,Sugarcane,Wheat,0.9995,0.005,True
2-207-14-1-15032023-1-1833,Khairpur,Sindh,Wheat,Rapeseed Mustard,0.9996,0.0038,True
2-207-14-1-16032023-1-1857,Khairpur,Sindh,Wheat,Barseem,0.999,0.0085,True
2-207-14-1-16032023-1-1907,Khairpur,Sindh,Wheat,Barseem,0.9996,0.0044,True
2-207-14-1-16032023-1-1933,Khairpur,Sindh,Wheat,Sugarcane,0.9978,0.0178,True
2-208-12-1-03032023-1-11,Larkana,Sindh,Rapeseed Mustard,Wheat,0.9984,0.0132,True
2-208-12-1-03032023-1-94,Larkana,Sindh,Rapeseed Mustard,Barseem,0.9982,0.0148,True
2-208-12-1-03032023-2-38,Larkana,Sindh,Wheat,Rapeseed Mustard,0.9982,0.0153,True
2-208-12-1-03032023-2-78,Larkana,Sindh,Rapeseed Mustard,Wheat,0.9992,0.0071,True
2-208-12-1-03032023-2-80,Larkana,Sindh,Rapeseed Mustard,Wheat,0.9995,0.005,True
2-208-12-1-03032023-2-81,Larkana,Sindh,Wheat,Rapeseed Mustard,0.9991,0.0084,True
2-208-12-1-04032023-1-185,Larkana,Sindh,Sugarcane,Wheat,0.9992,0.0075,True
2-208-12-1-04032023-1-187,Larkana,Sindh,Barseem,Wheat,0.997,0.0219,True
2-208-12-1-04032023-1-384,Larkana,Sindh,Rapeseed Mustard,Wheat,0.9987,0.011,True
2-208-12-1-04032023-1-390,Larkana,Sindh,Rapeseed Mustard,Wheat,0.9979,0.0171,True
2-208-12-1-04032023-2-184,Larkana,Sindh,Maize,Sugarcane,0.9987,0.0109,True
2-208-12-1-05032023-1-425,Larkana,Sindh,Wheat,Barseem,0.9977,0.0191,True
2-208-14-1-03032023-1-66,Larkana,Sindh,Rapeseed Mustard,Barseem,0.9975,0.0205,True
2-208-14-1-04032023-1-136,Larkana,Sindh,Sugarcane,Wheat,0.9993,0.0067,True
2-208-14-1-04032023-1-139,Larkana,Sindh,Sugarcane,Wheat,0.9993,0.0067,True
2-208-14-1-04032023-1-144,Larkana,Sindh,Barseem,Wheat,0.9971,0.0212,True
2-208-14-1-04032023-2-137,Larkana,Sindh,Maize,Wheat,0.9994,0.0057,True
2-208-14-1-05032023-1-322,Larkana,Sindh,Wheat,Barseem,0.9982,0.0152,True
2-208-14-1-05032023-1-333,Larkana,Sindh,Wheat,Barseem,0.9988,0.0109,True
2-208-14-1-05032023-1-407,Larkana,Sindh,Wheat,Barseem,0.9972,0.0224,True
2-209-13-1-07032023-1-528,Sanghar,Sindh,Wheat,Rapeseed Mustard,0.9992,0.007,True
2-209-13-1-07032023-2-502,Sanghar,Sindh,Wheat,Rapeseed Mustard,0.999,0.0087,True
2-209-13-1-08032023-2-576,Mirpur Khas,Sindh,Wheat,Rapeseed Mustard,0.9973,0.0216,True
2-209-13-1-08032023-2-585,Mirpur Khas,Sindh,Wheat,Rapeseed Mustard,0.9992,0.0073,True
2-209-13-1-08032023-2-622,Mirpur Khas,Sindh,Rapeseed Mustard,Wheat,0.9995,0.0051,True
2-209-13-1-08032023-2-624,Mirpur Khas,Sindh,Wheat,Rapeseed Mustard,0.9985,0.0132,True
2-209-13-1-08032023-2-631,Mirpur Khas,Sindh,Sugarcane,Wheat,0.9978,0.0176,True
2-209-13-1-09032023-2-662,Mirpur Khas,Sindh,Barseem,Wheat,0.9993,0.0067,True
2-209-13-1-09032023-2-695,Mirpur Khas,Sindh,Sugarcane,Wheat,0.9993,0.0067,True
2-209-13-1-09032023-2-715,Mirpur Khas,Sindh,Barseem,Wheat,0.9978,0.0181,True
2-209-15-1-07032023-2-487,Sanghar,Sindh,Barseem,Wheat,0.9974,0.0211,True
2-209-15-1-07032023-2-522,Sanghar,Sindh,Barseem,Wheat,0.9977,0.0184,True
2-210-22-1-16032023-1-1774,Sanghar,Sindh,Wheat,Rapeseed Mustard,0.9984,0.0133,True
2-210-22-1-16032023-2-1615,Sanghar,Sindh,Rapeseed Mustard,Wheat,0.9979,0.0173,True
2-210-22-1-16032023-2-1633,Sanghar,Sindh,Sugarcane,Rapeseed Mustard,0.9993,0.0067,True
2-210-22-1-16032023-2-1723,Sanghar,Sindh,Barseem,Wheat,0.9972,0.0222,True
2-210-22-1-16032023-2-1751,Sanghar,Sindh,Wheat,Rapeseed Mustard,0.9998,0.0025,True
2-210-22-1-16032023-2-1761,Sanghar,Sindh,Rapeseed Mustard,Wheat,0.9988,0.011,True
2-210-22-1-17032023-2-1818,Sanghar,Sindh,Sugarcane,Wheat,0.9986,0.0115,True
2-210-22-1-18032023-1-1933,Sanghar,Sindh,Maize,Rapeseed Mustard,0.9997,0.0027,True
2-210-22-1-18032023-1-1935,Sanghar,Sindh,Wheat,Rapeseed Mustard,0.9997,0.0029,True
2-210-22-1-18032023-1-1998,Sanghar,Sindh,Sugarcane,Rapeseed Mustard,0.9998,0.0018,True
2-210-22-1-18032023-2-1911,Sanghar,Sindh,Wheat,Rapeseed Mustard,0.9994,0.0055,True
2-210-22-1-18032023-2-1957,Sanghar,Sindh,Wheat,Rapeseed Mustard,0.9982,0.0149,True
2-210-5-1-16032023-2-1278,Sanghar,Sindh,Wheat,Rapeseed Mustard,0.9988,0.0103,True
2-210-5-1-16032023-2-1321,Sanghar,Sindh,Sugarcane,Rapeseed Mustard,0.999,0.0091,True
2-210-5-1-17032023-2-1412,Sanghar,Sindh,Wheat,Rapeseed Mustard,0.9984,0.013,True
2-210-5-1-24032023-2-1806,Dera Ismail Khan,Khyber Pakhtunkhwa,Maize,Wheat,0.9987,0.0116,True
2-210-5-1-24032023-2-1818,Dera Ismail Khan,Khyber Pakhtunkhwa,Sugarcane,Wheat,0.9995,0.0048,True
2-210-5-1-24032023-2-1869,Dera Ismail Khan,Khyber Pakhtunkhwa,Barseem,Wheat,0.9981,0.0159,True
2-211-12-1-09032023-1-1028,Shahdadkot,Sindh,Wheat,Barseem,0.9975,0.0202,True
2-211-12-1-09032023-1-1037,Shahdadkot,Sindh,Wheat,Rapeseed Mustard,0.9986,0.0116,True
2-211-12-1-09032023-1-1043,Shahdadkot,Sindh,Rapeseed Mustard,Wheat,0.9989,0.0097,True
2-211-12-1-10032023-1-1138,Shahdadkot,Sindh,Rapeseed Mustard,Wheat,0.999,0.0091,True
2-211-12-1-10032023-1-1155,Shahdadkot,Sindh,Rapeseed Mustard,Wheat,0.9994,0.0062,True
2-211-12-1-10032023-1-1165,Shahdadkot,Sindh,Rapeseed Mustard,Wheat,0.9993,0.0066,True
2-211-12-1-10032023-1-1168,Shahdadkot,Sindh,Rapeseed Mustard,Wheat,0.9993,0.007,True
2-211-12-1-11032023-1-1324,Shahdadkot,Sindh,Wheat,Rapeseed Mustard,0.9983,0.0144,True
2-211-12-1-11032023-1-1329,Shahdadkot,Sindh,Wheat,Barseem,0.9995,0.0048,True
2-211-12-1-11032023-1-1358,Shahdadkot,Sindh,Rapeseed Mustard,Barseem,0.9995,0.0047,True
2-211-14-1-09032023-1-1012,Shahdadkot,Sindh,Rapeseed Mustard,Wheat,0.9993,0.0068,True
2-211-14-1-09032023-1-1028,Shahdadkot,Sindh,Rapeseed Mustard,Wheat,0.9987,0.0117,True
2-211-14-1-09032023-1-1080,Shahdadkot,Sindh,Wheat,Rapeseed Mustard,0.9989,0.0102,True
2-211-14-1-09032023-1-1099,Shahdadkot,Sindh,Rapeseed Mustard,Wheat,0.9994,0.0056,True
2-211-14-1-09032023-1-1110,Shahdadkot,Sindh,Wheat,Barseem,0.9997,0.0031,True
2-211-14-1-09032023-1-1113,Shahdadkot,Sindh,Wheat,Rapeseed Mustard,0.9995,0.005,True
2-211-14-1-09032023-1-1143,Shahdadkot,Sindh,Wheat,Rapeseed Mustard,0.9985,0.0126,True
2-211-14-1-10032023-1-1162,Shahdadkot,Sindh,Wheat,Rapeseed Mustard,0.9996,0.004,True
2-211-14-1-10032023-1-1178,Shahdadkot,Sindh,Rapeseed Mustard,Wheat,0.9987,0.0117,True
2-211-14-1-10032023-1-1184,Shahdadkot,Sindh,Rapeseed Mustard,Wheat,0.9993,0.0064,True
2-211-14-1-10032023-1-1208,Shahdadkot,Sindh,Rapeseed Mustard,Wheat,0.9991,0.0086,True
2-211-14-1-10032023-1-1209,Shahdadkot,Sindh,Wheat,Rapeseed Mustard,0.9977,0.0185,True
2-211-14-1-11032023-1-1305,Shahdadkot,Sindh,Rapeseed Mustard,Wheat,0.9995,0.0048,True
2-211-14-1-11032023-1-1334,Shahdadkot,Sindh,Rapeseed Mustard,Wheat,0.9993,0.0064,True
2-211-14-1-11032023-1-1370,Shahdadkot,Sindh,Rapeseed Mustard,Wheat,0.999,0.0094,True
2-211-14-1-11032023-1-1384,Shahdadkot,Sindh,Rapeseed Mustard,Wheat,0.9986,0.0124,True
2-212-12-1-06032023-1-559,Shikarpur,Sindh,Rapeseed Mustard,Barseem,0.9987,0.011,True
2-212-12-1-06032023-1-564,Shikarpur,Sindh,Rapeseed Mustard,Wheat,0.9993,0.007,True
2-212-12-1-06032023-1-578,Shikarpur,Sindh,Wheat,Rapeseed Mustard,0.9993,0.0065,True
2-212-12-1-06032023-2-678,Shikarpur,Sindh,Wheat,Barseem,0.9982,0.0151,True
2-212-12-1-07032023-1-745,Shikarpur,Sindh,Wheat,Rapeseed Mustard,0.9973,0.0213,True
2-212-12-1-07032023-1-749,Shikarpur,Sindh,Wheat,Barseem,0.9982,0.0154,True
2-212-12-1-07032023-1-751,Shikarpur,Sindh,Wheat,Barseem,0.9993,0.0066,True
2-212-12-1-08032023-1-904,Shikarpur,Sindh,Rapeseed Mustard,Wheat,0.9994,0.0059,True
2-212-12-1-08032023-1-913,Shikarpur,Sindh,Wheat,Rapeseed Mustard,0.9989,0.0094,True
2-212-14-1-06032023-1-469,Shikarpur,Sindh,Wheat,Rapeseed Mustard,0.9973,0.0196,True
2-212-14-1-06032023-1-491,Shikarpur,Sindh,Rapeseed Mustard,Wheat,0.9993,0.0069,True
2-212-14-1-06032023-1-509,Shikarpur,Sindh,Wheat,Barseem,0.9988,0.0105,True
2-212-14-1-06032023-1-512,Shikarpur,Sindh,Rapeseed Mustard,Wheat,0.999,0.0091,True
2-212-14-1-06032023-1-525,Shikarpur,Sindh,Rapeseed Mustard,Wheat,0.9988,0.0109,True
2-212-14-1-06032023-1-528,Shikarpur,Sindh,Wheat,Rapeseed Mustard,0.9993,0.0065,True
2-212-14-1-06032023-2-622,Shikarpur,Sindh,Wheat,Rapeseed Mustard,0.9979,0.017,True
2-212-14-1-06032023-2-628,Shikarpur,Sindh,Wheat,Barseem,0.999,0.009,True
2-212-14-1-06032023-2-686,Shikarpur,Sindh,Wheat,Barseem,0.9989,0.0097,True
2-212-14-1-07032023-1-738,Shikarpur,Sindh,Wheat,Rapeseed Mustard,0.9995,0.0052,True
2-212-14-1-07032023-1-848,Shikarpur,Sindh,Wheat,Rapeseed Mustard,0.9996,0.0041,True
2-212-14-1-08032023-1-884,Shikarpur,Sindh,Wheat,Rapeseed Mustard,0.9989,0.0099,True
2-212-14-1-08032023-1-926,Shikarpur,Sindh,Rapeseed Mustard,Wheat,0.9994,0.0058,True
2-212-14-1-08032023-1-933,Shikarpur,Sindh,Rapeseed Mustard,Wheat,0.9991,0.0081,True
2-212-14-1-08032023-1-936,Shikarpur,Sindh,Rapeseed Mustard,Wheat,0.9977,0.0192,True
2-212-14-1-08032023-1-943,Shikarpur,Sindh,Wheat,Rapeseed Mustard,0.9997,0.0035,True
2-212-14-1-08032023-1-974,Shikarpur,Sindh,Rapeseed Mustard,Wheat,0.998,0.0162,True
2-212-14-1-08032023-2-973,Shikarpur,Sindh,Wheat,Rapeseed Mustard,0.9996,0.0035,True
2-212-14-1-08032023-2-995,Shikarpur,Sindh,Wheat,Barseem,0.9981,0.0154,True
2-213-13-1-12032023-2-1024,Thatta,Sindh,Sugarcane,Wheat,0.9985,0.0132,True
2-213-13-1-12032023-2-1034,Thatta,Sindh,Barseem,Wheat,0.9993,0.007,True
2-213-13-1-12032023-2-1112,Thatta,Sindh,Barseem,Rapeseed Mustard,0.9976,0.0195,True
2-213-13-1-15032023-2-1450,Thatta,Sindh,Wheat,Barseem,0.9996,0.004,True
2-213-13-1-15032023-2-1452,Thatta,Sindh,Barseem,Maize,0.9985,0.0128,True
2-213-15-1-12032023-2-1158,Thatta,Sindh,Wheat,Rapeseed Mustard,0.9992,0.0073,True
2-213-15-1-15032023-2-1522,Thatta,Sindh,Wheat,Barseem,0.9995,0.0047,True
2-213-15-1-15032023-2-1524,Thatta,Sindh,Wheat,Barseem,0.9995,0.0051,True
3-302-8-1-11032023-1-547,Buner,Khyber Pakhtunkhwa,Sugarcane,Wheat,0.9992,0.0072,True
3-303-11-1-02032023-1-77,Charsadda,Khyber Pakhtunkhwa,Rapeseed Mustard,Wheat,0.9977,0.0193,True
3-303-11-1-06032023-1-214,Nowshera,Khyber Pakhtunkhwa,Rapeseed Mustard,Barseem,0.9994,0.0061,True
3-303-11-1-06032023-2-232,Nowshera,Khyber Pakhtunkhwa,Rapeseed Mustard,Barseem,0.9996,0.0041,True
3-303-11-1-06032023-2-233,Nowshera,Khyber Pakhtunkhwa,Barseem,Wheat,0.9988,0.0106,True
3-303-7-1-02032023-1-16,Charsadda,Khyber Pakhtunkhwa,Rapeseed Mustard,Wheat,0.9987,0.0117,True
3-303-7-1-02032023-1-60,Charsadda,Khyber Pakhtunkhwa,Rapeseed Mustard,Wheat,0.9983,0.0138,True
3-303-7-1-05032023-1-261,Nowshera,Khyber Pakhtunkhwa,Barseem,Wheat,0.9985,0.0132,True
3-303-7-1-06032023-1-274,Nowshera,Khyber Pakhtunkhwa,Rapeseed Mustard,Barseem,0.9997,0.0033,True
3-303-7-1-06032023-1-317,Nowshera,Khyber Pakhtunkhwa,Rapeseed Mustard,Wheat,0.9982,0.0156,True
3-309-9-1-07032023-1-280,Lower Dir,Khyber Pakhtunkhwa,Barseem,Wheat,0.9985,0.013,True
3-312-11-1-08032023-1-289,Nowshera,Khyber Pakhtunkhwa,Barseem,Wheat,0.9993,0.0067,True
3-312-7-1-08032023-1-402,Nowshera,Khyber Pakhtunkhwa,Rapeseed Mustard,Barseem,0.9992,0.0073,True
3-312-7-1-08032023-1-448,Nowshera,Khyber Pakhtunkhwa,Rapeseed Mustard,Wheat,0.999,0.0095,True
3-312-7-1-08032023-2-413,Nowshera,Khyber Pakhtunkhwa,Wheat,Maize,0.9983,0.0141,True
3-313-10-1-02032023-1-26,Kohat,Khyber Pakhtunkhwa,Rapeseed Mustard,Wheat,0.999,0.0092,True
3-313-10-1-02032023-1-3,Kohat,Khyber Pakhtunkhwa,Barseem,Maize,0.998,0.0165,True
3-314-6-1-03032023-1-21,Swabi,Khyber Pakhtunkhwa,Rapeseed Mustard,Wheat,0.9995,0.0048,True
3-314-6-1-03032023-1-23,Swabi,Khyber Pakhtunkhwa,Rapeseed Mustard,Wheat,0.9995,0.0053,True
3-314-6-1-03032023-1-24,Swabi,Khyber Pakhtunkhwa,Rapeseed Mustard,Wheat,0.9996,0.0043,True
3-314-6-1-03032023-1-42,Swabi,Khyber Pakhtunkhwa,Rapeseed Mustard,Wheat,0.9995,0.0049,True
3-314-6-1-04032023-1-108,Swabi,Khyber Pakhtunkhwa,Rapeseed Mustard,Wheat,0.9994,0.0055,True
3-314-6-1-04032023-1-121,Swabi,Khyber Pakhtunkhwa,Rapeseed Mustard,Wheat,0.9997,0.003,True
3-314-6-1-04032023-1-125,Swabi,Khyber Pakhtunkhwa,Rapeseed Mustard,Wheat,0.9995,0.0046,True
3-314-8-1-03032023-1-22,Swabi,Khyber Pakhtunkhwa,Rapeseed Mustard,Wheat,0.9995,0.0046,True
3-314-8-1-03032023-2-28,Swabi,Khyber Pakhtunkhwa,Rapeseed Mustard,Wheat,0.9997,0.0035,True
3-314-8-1-04032023-1-54,Swabi,Khyber Pakhtunkhwa,Rapeseed Mustard,Wheat,0.9976,0.0199,True
3-314-8-1-04032023-2-66,Swabi,Khyber Pakhtunkhwa,Rapeseed Mustard,Wheat,0.9995,0.0048,True
3-315-10-1-13032023-1-566,Swat,Khyber Pakhtunkhwa,Barseem,Wheat,0.9992,0.0078,True
3-315-10-1-13032023-1-630,Swat,Khyber Pakhtunkhwa,Barseem,Wheat,0.999,0.0087,True
3-315-10-1-13032023-1-674,Swat,Khyber Pakhtunkhwa,Barseem,Wheat,0.9989,0.0092,True
3-315-10-1-13032023-1-680,Swat,Khyber Pakhtunkhwa,Barseem,Wheat,0.999,0.009,True
3-315-10-1-13032023-1-682,Swat,Khyber Pakhtunkhwa,Barseem,Wheat,0.9986,0.0126,True
3-315-10-1-13032023-1-699,Swat,Khyber Pakhtunkhwa,Barseem,Wheat,0.9984,0.0135,True
3-315-10-1-14032023-1-713,Swat,Khyber Pakhtunkhwa,Barseem,Wheat,0.9996,0.0044,True
3-315-10-1-14032023-1-722,Swat,Khyber Pakhtunkhwa,Barseem,Wheat,0.9988,0.0101,True
3-315-10-1-15032023-1-759,Swat,Khyber Pakhtunkhwa,Barseem,Wheat,0.9992,0.0076,True
3-315-9-1-13032023-2-629,Swat,Khyber Pakhtunkhwa,Barseem,Wheat,0.9991,0.0086,True
3-315-9-1-13032023-2-665,Swat,Khyber Pakhtunkhwa,Barseem,Wheat,0.999,0.0094,True
3-315-9-1-13032023-2-673,Swat,Khyber Pakhtunkhwa,Barseem,Wheat,0.9988,0.0106,True
3-315-9-1-13032023-2-681,Swat,Khyber Pakhtunkhwa,Barseem,Wheat,0.9992,0.0076,True
3-315-9-1-13032023-2-689,Swat,Khyber Pakhtunkhwa,Barseem,Wheat,0.9995,0.005,True
3-315-9-1-13032023-2-696,Swat,Khyber Pakhtunkhwa,Barseem,Wheat,0.9994,0.0061,True
3-315-9-1-13032023-2-697,Swat,Khyber Pakhtunkhwa,Barseem,Wheat,0.9991,0.008,True
3-315-9-1-13032023-2-700,Swat,Khyber Pakhtunkhwa,Barseem,Wheat,0.9979,0.0175,True
3-315-9-1-13032023-2-721,Swat,Khyber Pakhtunkhwa,Barseem,Wheat,0.9981,0.0159,True
3-315-9-1-13032023-2-723,Swat,Khyber Pakhtunkhwa,Barseem,Wheat,0.9981,0.0163,True
3-315-9-1-15032023-2-799,Swat,Khyber Pakhtunkhwa,Barseem,Wheat,0.9993,0.0062,True
3-315-9-1-15032023-2-803,Swat,Khyber Pakhtunkhwa,Barseem,Wheat,0.9984,0.0141,True
3-315-9-1-15032023-2-807,Swat,Khyber Pakhtunkhwa,Barseem,Wheat,0.9981,0.0163,True
3-315-9-1-15032023-2-837,Swat,Khyber Pakhtunkhwa,Barseem,Wheat,0.9992,0.0079,True
3-317-8-1-21032023-1-965,Peshawar,Khyber Pakhtunkhwa,Sugarcane,Wheat,0.9977,0.0186,True
4-401-2-1-16032023-1-2026,Barkhan,Balochistan,Barseem,Wheat,0.9998,0.0022,True
4-402-2-1-12032023-2-1638,Dera Bugti,Balochistan,Wheat,Rapeseed Mustard,0.9987,0.0109,True
4-402-2-1-13032023-1-1719,Dera Bugti,Balochistan,Rapeseed Mustard,Wheat,0.9993,0.0067,True
4-402-3-1-12032023-1-1586,Dera Bugti,Balochistan,Rapeseed Mustard,Wheat,0.9974,0.0198,True
4-402-3-1-12032023-1-1612,Dera Bugti,Balochistan,Wheat,Rapeseed Mustard,0.9983,0.0135,True
4-402-3-1-13032023-1-1674,Dera Bugti,Balochistan,Wheat,Barseem,0.9991,0.0081,True
4-402-3-1-13032023-1-1698,Dera Bugti,Balochistan,Rapeseed Mustard,Wheat,0.9993,0.0066,True
4-402-3-1-13032023-1-1716,Dera Bugti,Balochistan,Rapeseed Mustard,Wheat,0.9976,0.0187,True
4-402-3-1-13032023-2-1640,Dera Bugti,Balochistan,Rapeseed Mustard,Wheat,0.9979,0.0169,True
4-402-3-1-13032023-2-1714,Dera Bugti,Balochistan,Rapeseed Mustard,Wheat,0.9995,0.0053,True
4-402-3-1-13032023-2-1746,Dera Bugti,Balochistan,Rapeseed Mustard,Wheat,0.999,0.0088,True
4-403-2-1-06032023-1-560,Jaffarabad,Balochistan,Rapeseed Mustard,Wheat,0.9995,0.0046,True
4-403-2-1-06032023-1-576,Jaffarabad,Balochistan,Rapeseed Mustard,Wheat,0.9991,0.0079,True
4-403-2-1-07032023-1-733,Jaffarabad,Balochistan,Rapeseed Mustard,Wheat,0.9993,0.0067,True
4-403-2-1-07032023-1-742,Jaffarabad,Balochistan,Rapeseed Mustard,Wheat,0.9993,0.0067,True
4-403-2-1-07032023-1-792,Jaffarabad,Balochistan,Rapeseed Mustard,Wheat,0.9985,0.0122,True
4-403-2-1-07032023-1-794,Jaffarabad,Balochistan,Rapeseed Mustard,Wheat,0.999,0.0083,True
4-403-2-1-08032023-1-1004,Jaffarabad,Balochistan,Rapeseed Mustard,Wheat,0.9993,0.0065,True
4-403-2-1-08032023-1-1005,Jaffarabad,Balochistan,Rapeseed Mustard,Wheat,0.9992,0.0073,True
4-403-2-1-08032023-1-885,Jaffarabad,Balochistan,Rapeseed Mustard,Wheat,0.9991,0.0082,True
4-403-2-1-08032023-1-969,Jaffarabad,Balochistan,Rapeseed Mustard,Wheat,0.9996,0.0042,True
4-403-2-1-09032023-1-1048,Jaffarabad,Balochistan,Rapeseed Mustard,Wheat,0.9973,0.0215,True
4-403-2-1-09032023-1-1058,Jhal Magsi,Balochistan,Wheat,Rapeseed Mustard,0.9978,0.0179,True
4-403-2-1-09032023-1-1091,Jhal Magsi,Balochistan,Rapeseed Mustard,Wheat,0.9975,0.0191,True
4-403-2-1-09032023-1-1115,Jhal Magsi,Balochistan,Rapeseed Mustard,Wheat,0.9986,0.0121,True
4-403-2-1-10032023-1-1331,Jhal Magsi,Balochistan,Barseem,Wheat,0.9978,0.0184,True
4-403-2-1-12032023-1-1571,Dera Bugti,Balochistan,Rapeseed Mustard,Wheat,0.998,0.0162,True
4-403-3-1-06032023-1-632,Jaffarabad,Balochistan,Wheat,Rapeseed Mustard,0.9996,0.0039,True
4-403-3-1-06032023-1-637,Jaffarabad,Balochistan,Rapeseed Mustard,Wheat,0.9981,0.015,True
4-403-3-1-07032023-1-694,Jaffarabad,Balochistan,Rapeseed Mustard,Wheat,0.9997,0.003,True
4-403-3-1-07032023-1-697,Jaffarabad,Balochistan,Rapeseed Mustard,Wheat,0.9993,0.0065,True
4-403-3-1-07032023-1-813,Jaffarabad,Balochistan,Rapeseed Mustard,Wheat,0.9989,0.0094,True
4-403-3-1-08032023-1-1011,Jaffarabad,Balochistan,Rapeseed Mustard,Wheat,0.9985,0.0118,True
4-403-3-1-08032023-1-954,Jaffarabad,Balochistan,Rapeseed Mustard,Wheat,0.9995,0.0044,True
4-403-3-1-08032023-1-996,Jaffarabad,Balochistan,Rapeseed Mustard,Wheat,0.9997,0.0032,True
4-404-3-1-09032023-1-1159,Jhal Magsi,Balochistan,Wheat,Rapeseed Mustard,0.9981,0.0148,True
4-404-3-1-11032023-1-1474,Jhal Magsi,Balochistan,Rapeseed Mustard,Wheat,0.9979,0.0167,True
4-404-3-1-11032023-1-1489,Jhal Magsi,Balochistan,Barseem,Wheat,0.9995,0.0046,True
4-404-3-1-11032023-1-1497,Jhal Magsi,Balochistan,Barseem,Wheat,0.9997,0.0035,True
4-404-3-1-11032023-2-1496,Jhal Magsi,Balochistan,Rapeseed Mustard,Wheat,0.9996,0.0038,True
4-404-3-1-12032023-1-1550,Dera Bugti,Balochistan,Rapeseed Mustard,Wheat,0.9994,0.0058,True
4-405-1-1-03032023-1-47,Kachhi,Balochistan,Wheat,Barseem,0.9992,0.0073,True
4-405-1-1-04032023-2-196,Kachhi,Balochistan,Wheat,Rapeseed Mustard,0.9999,0.0013,True
4-405-4-1-04032023-1-173,Kachhi,Balochistan,Wheat,Rapeseed Mustard,0.9999,0.0015,True
4-405-4-1-04032023-1-204,Kachhi,Balochistan,Wheat,Rapeseed Mustard,0.9998,0.002,True
4-406-1-1-16032023-2-2474,Khuzdar,Balochistan,Wheat,Rapeseed Mustard,0.9978,0.0169,True
4-406-1-1-17032023-1-2755,Khuzdar,Balochistan,Wheat,Rapeseed Mustard,0.9996,0.0036,True
4-406-1-1-17032023-2-2719,Khuzdar,Balochistan,Wheat,Barseem,0.9977,0.0183,True
4-406-1-1-18032023-1-2956,Khuzdar,Balochistan,Barseem,Wheat,0.9994,0.0057,True
4-406-1-1-18032023-2-2957,Khuzdar,Balochistan,Barseem,Wheat,0.9988,0.011,True
4-406-4-1-17032023-1-2778,Khuzdar,Balochistan,Wheat,Rapeseed Mustard,0.9992,0.0071,True
4-406-4-1-18032023-2-2992,Khuzdar,Balochistan,Wheat,Barseem,0.9975,0.0202,True
4-407-1-1-13032023-1-1641,Lasbela,Balochistan,Maize,Barseem,0.9977,0.018,True
4-407-1-1-13032023-1-1722,Lasbela,Balochistan,Wheat,Rapeseed Mustard,0.9997,0.0035,True
4-407-1-1-14032023-2-1848,Lasbela,Balochistan,Wheat,Rapeseed Mustard,0.998,0.0153,True
4-407-1-1-14032023-2-1893,Lasbela,Balochistan,Wheat,Rapeseed Mustard,0.9991,0.0084,True
4-407-1-1-14032023-2-1980,Lasbela,Balochistan,Maize,Wheat,0.9996,0.0037,True
4-407-4-1-13032023-1-1773,Lasbela,Balochistan,Wheat,Rapeseed Mustard,0.9992,0.0077,True
4-407-4-1-13032023-2-1695,Lasbela,Balochistan,Wheat,Rapeseed Mustard,0.9998,0.0025,True
4-407-4-1-14032023-1-1876,Lasbela,Balochistan,Wheat,Rapeseed Mustard,0.9991,0.008,True
4-407-4-1-14032023-1-1951,Lasbela,Balochistan,Maize,Wheat,0.9995,0.0047,True
4-407-4-1-14032023-1-2067,Lasbela,Balochistan,Wheat,Rapeseed Mustard,0.9979,0.018,True
4-407-4-1-14032023-2-1852,Lasbela,Balochistan,Wheat,Rapeseed Mustard,0.9993,0.0064,True
4-407-4-1-14032023-2-1866,Lasbela,Balochistan,Wheat,Barseem,0.9974,0.02,True
4-407-4-1-14032023-2-1867,Lasbela,Balochistan,Wheat,Rapeseed Mustard,0.9991,0.0084,True
4-407-4-1-15032023-1-2120,Lasbela,Balochistan,Wheat,Barseem,0.9994,0.0062,True
4-407-4-1-15032023-1-2153,Lasbela,Balochistan,Wheat,Barseem,0.9997,0.003,True
4-407-4-1-15032023-1-2156,Lasbela,Balochistan,Wheat,Barseem,0.9997,0.0029,True
4-407-4-1-15032023-1-2158,Lasbela,Balochistan,Wheat,Barseem,0.9986,0.0117,True
4-408-1-1-07032023-1-774,Nasirabad,Balochistan,Wheat,Rapeseed Mustard,0.9997,0.0033,True
4-408-1-1-10032023-1-1097,Nasirabad,Balochistan,Wheat,Barseem,0.9998,0.002,True
4-408-1-1-10032023-1-1410,Nasirabad,Balochistan,Wheat,Rapeseed Mustard,0.9995,0.0046,True
4-408-1-1-11032023-1-1572,Nasirabad,Balochistan,Wheat,Barseem,0.9993,0.0067,True
4-408-4-1-07032023-2-750,Nasirabad,Balochistan,Wheat,Rapeseed Mustard,0.9999,0.0015,True
4-408-4-1-08032023-1-857,Nasirabad,Balochistan,Wheat,Barseem,0.9999,0.0011,True
4-408-4-1-08032023-2-977,Nasirabad,Balochistan,Wheat,Rapeseed Mustard,0.9984,0.0132,True
4-408-4-1-10032023-1-1100,Nasirabad,Balochistan,Wheat,Barseem,0.9999,0.0012,True
4-408-4-1-10032023-1-1177,Nasirabad,Balochistan,Wheat,Barseem,0.9978,0.0171,True
4-408-4-1-10032023-1-1324,Nasirabad,Balochistan,Wheat,Barseem,0.9988,0.0101,True
4-408-4-1-11032023-2-1579,Nasirabad,Balochistan,Wheat,Barseem,0.9977,0.0185,True
4-409-2-1-05032023-1-410,Sibi,Balochistan,Wheat,Rapeseed Mustard,0.9993,0.0063,True
4-409-3-1-05032023-1-396,Sibi,Balochistan,Rapeseed Mustard,Wheat,0.9983,0.0144,True
4-409-3-1-05032023-1-405,Sibi,Balochistan,Wheat,Rapeseed Mustard,0.9988,0.0101,True
4-409-3-1-05032023-2-362,Sibi,Balochistan,Wheat,Rapeseed Mustard,0.9996,0.0037,True
4-409-3-1-06032023-1-465,Jaffarabad,Balochistan,Rapeseed Mustard,Wheat,0.9993,0.0064,True
4-410-4-1-06032023-1-370,Sohbatpur,Balochistan,Wheat,Rapeseed Mustard,0.9995,0.0046,True
4-410-4-1-06032023-1-452,Sohbatpur,Balochistan,Sugarcane,Wheat,0.9993,0.0066,True
4-410-4-1-06032023-2-489,Sohbatpur,Balochistan,Barseem,Rapeseed Mustard,0.9988,0.0102,True
