coverage,risk
0.0004916420845624386,0.0
0.0009832841691248771,0.0
0.0014749262536873156,0.0
0.0019665683382497543,0.0
0.0024582104228121925,0.0
0.0029498525073746312,0.0
0.00344149459193707,0.0
0.003933136676499509,0.0
0.004424778761061947,0.0
0.004916420845624385,0.0
0.005408062930186824,0.0
0.0058997050147492625,0.0
0.006391347099311701,0.0
0.00688298918387414,0.0
0.007374631268436578,0.0
0.007866273352999017,0.0
0.008357915437561455,0.0
0.008849557522123894,0.0
0.009341199606686333,0.0
0.00983284169124877,0.0
0.01032448377581121,0.0
0.010816125860373648,0.0
0.011307767944936086,0.0
0.011799410029498525,0.0
0.012291052114060964,0.0
0.012782694198623401,0.0
0.01327433628318584,0.0
0.01376597836774828,0.0
0.014257620452310717,0.0
0.014749262536873156,0.0
0.015240904621435595,0.0
0.015732546705998034,0.0
0.016224188790560472,0.0
0.01671583087512291,0.0
0.01720747295968535,0.0
0.017699115044247787,0.0
0.018190757128810225,0.0
0.018682399213372666,0.0
0.019174041297935103,0.0
0.01966568338249754,0.0
0.02015732546705998,0.0
0.02064896755162242,0.0
0.021140609636184856,0.0
0.021632251720747297,0.0
0.022123893805309734,0.0
0.02261553588987217,0.0
0.023107177974434612,0.0
0.02359882005899705,0.0
0.024090462143559487,0.0
0.024582104228121928,0.0
0.025073746312684365,0.0
0.025565388397246803,0.0
0.026057030481809244,0.0
0.02654867256637168,0.0
0.02704031465093412,0.0
0.02753195673549656,0.0
0.028023598820058997,0.0
0.028515240904621434,0.0
0.029006882989183875,0.0
0.029498525073746312,0.0
0.02999016715830875,0.0
0.03048180924287119,0.0
0.030973451327433628,0.0
0.03146509341199607,0.0
0.0319567354965585,0.0
0.032448377581120944,0.0
0.032940019665683384,0.0
0.03343166175024582,0.0
0.03392330383480826,0.0
0.0344149459193707,0.0
0.034906588003933134,0.014084507042253502
0.035398230088495575,0.01388888888888884
0.035889872173058016,0.0273972602739726
0.03638151425762045,0.027027027027026973
0.03687315634218289,0.026666666666666616
0.03736479842674533,0.02631578947368418
0.037856440511307765,0.025974025974025983
0.038348082595870206,0.02564102564102566
0.03883972468043265,0.025316455696202556
0.03933136676499508,0.025000000000000022
0.03982300884955752,0.024691358024691357
0.04031465093411996,0.024390243902439046
0.040806293018682396,0.02409638554216864
0.04129793510324484,0.023809523809523836
0.04178957718780728,0.02352941176470591
0.04228121927236971,0.023255813953488413
0.04277286135693215,0.02298850574712641
0.043264503441494594,0.022727272727272707
0.04375614552605703,0.022471910112359605
0.04424778761061947,0.022222222222222254
0.04473942969518191,0.02197802197802201
0.04523107177974434,0.021739130434782594
0.045722713864306784,0.021505376344086002
0.046214355948869225,0.021276595744680882
0.04670599803343166,0.021052631578947323
0.0471976401179941,0.02083333333333337
0.04768928220255654,0.020618556701030966
0.048180924287118974,0.020408163265306145
0.048672566371681415,0.02020202020202022
0.049164208456243856,0.020000000000000018
0.04965585054080629,0.01980198019801982
0.05014749262536873,0.019607843137254943
0.05063913470993117,0.01941747572815533
0.051130776794493606,0.019230769230769273
0.051622418879056046,0.01904761904761909
0.05211406096361849,0.018867924528301883
0.05260570304818092,0.01869158878504673
0.05309734513274336,0.01851851851851849
0.0535889872173058,0.01834862385321101
0.05408062930186824,0.018181818181818188
0.05457227138643068,0.018018018018018056
0.05506391347099312,0.017857142857142905
0.05555555555555555,0.017699115044247815
0.05604719764011799,0.01754385964912286
0.056538839724680434,0.017391304347826098
0.05703048180924287,0.017241379310344862
0.05752212389380531,0.017094017094017144
0.05801376597836775,0.016949152542372836
0.058505408062930184,0.01680672268907568
0.058997050147492625,0.01666666666666672
0.059488692232055065,0.016528925619834656
0.0599803343166175,0.016393442622950838
0.06047197640117994,0.016260162601625994
0.06096361848574238,0.016129032258064502
0.061455260570304815,0.016000000000000014
0.061946902654867256,0.015873015873015928
0.0624385447394297,0.015748031496062964
0.06293018682399214,0.015625
0.06342182890855458,0.015503875968992276
0.063913470993117,0.01538461538461533
0.06440511307767945,0.01526717557251911
0.06489675516224189,0.015151515151515138
0.06538839724680433,0.015037593984962405
0.06588003933136677,0.014925373134328401
0.06637168141592921,0.014814814814814836
0.06686332350049164,0.014705882352941124
0.06735496558505408,0.014598540145985384
0.06784660766961652,0.01449275362318836
0.06833824975417896,0.014388489208633115
0.0688298918387414,0.014285714285714235
0.06932153392330384,0.014184397163120588
0.06981317600786627,0.014084507042253502
0.07030481809242871,0.013986013986013957
0.07079646017699115,0.01388888888888884
0.07128810226155359,0.01379310344827589
0.07177974434611603,0.013698630136986356
0.07227138643067847,0.013605442176870763
0.0727630285152409,0.013513513513513487
0.07325467059980334,0.01342281879194629
0.07374631268436578,0.013333333333333308
0.07423795476892822,0.013245033112582738
0.07472959685349066,0.013157894736842146
0.0752212389380531,0.013071895424836555
0.07571288102261553,0.012987012987012991
0.07620452310717797,0.012903225806451646
0.07669616519174041,0.012820512820512775
0.07718780727630285,0.01273885350318471
0.0776794493608653,0.012658227848101222
0.07817109144542773,0.012578616352201255
0.07866273352999016,0.012499999999999956
0.0791543756145526,0.012422360248447228
0.07964601769911504,0.012345679012345734
0.08013765978367748,0.012269938650306789
0.08062930186823992,0.012195121951219523
0.08112094395280237,0.012121212121212088
0.08161258603736479,0.012048192771084376
0.08210422812192723,0.0119760479041916
0.08259587020648967,0.011904761904761862
0.08308751229105212,0.011834319526627168
0.08357915437561456,0.0117647058823529
0.084070796460177,0.011695906432748537
0.08456243854473942,0.011627906976744207
0.08505408062930186,0.011560693641618491
0.0855457227138643,0.011494252873563204
0.08603736479842675,0.011428571428571455
0.08652900688298919,0.011363636363636354
0.08702064896755163,0.011299435028248594
0.08751229105211406,0.011235955056179803
0.0880039331366765,0.011173184357541888
0.08849557522123894,0.011111111111111072
0.08898721730580138,0.011049723756906049
0.08947885939036382,0.01098901098901095
0.08997050147492626,0.010928961748633892
0.09046214355948869,0.010869565217391353
0.09095378564405113,0.010810810810810811
0.09144542772861357,0.010752688172043001
0.09193706981317601,0.010695187165775444
0.09242871189773845,0.010638297872340385
0.09292035398230089,0.010582010582010581
0.09341199606686332,0.010526315789473717
0.09390363815142576,0.010471204188481686
0.0943952802359882,0.01041666666666663
0.09488692232055064,0.010362694300518172
0.09537856440511308,0.010309278350515427
0.09587020648967552,0.01025641025641022
0.09636184857423795,0.010204081632653073
0.09685349065880039,0.010152284263959421
0.09734513274336283,0.010101010101010055
0.09783677482792527,0.01005025125628145
0.09832841691248771,0.010000000000000009
0.09882005899705015,0.00995024875621886
0.09931170108161258,0.00990099009900991
0.09980334316617502,0.014778325123152691
0.10029498525073746,0.014705882352941124
0.1007866273352999,0.014634146341463428
0.10127826941986234,0.014563106796116498
0.10176991150442478,0.01449275362318836
0.10226155358898721,0.014423076923076872
0.10275319567354965,0.014354066985645897
0.10324483775811209,0.014285714285714235
0.10373647984267453,0.014218009478673022
0.10422812192723697,0.014150943396226467
0.10471976401179942,0.014084507042253502
0.10521140609636184,0.014018691588784993
0.10570304818092428,0.013953488372092981
0.10619469026548672,0.01388888888888884
0.10668633235004917,0.01382488479262678
0.1071779744346116,0.013761467889908285
0.10766961651917405,0.013698630136986356
0.10816125860373647,0.013636363636363669
0.10865290068829891,0.013574660633484115
0.10914454277286136,0.013513513513513487
0.1096361848574238,0.013452914798206317
0.11012782694198624,0.013392857142857095
0.11061946902654868,0.01777777777777778
0.1111111111111111,0.017699115044247815
0.11160275319567355,0.017621145374449365
0.11209439528023599,0.01754385964912286
0.11258603736479843,0.017467248908296984
0.11307767944936087,0.017391304347826098
0.11356932153392331,0.017316017316017285
0.11406096361848574,0.017241379310344862
0.11455260570304818,0.01716738197424894
0.11504424778761062,0.017094017094017144
0.11553588987217306,0.017021276595744705
0.1160275319567355,0.016949152542372836
0.11651917404129794,0.016877637130801704
0.11701081612586037,0.01680672268907568
0.11750245821042281,0.01673640167364021
0.11799410029498525,0.01666666666666672
0.11848574237954769,0.016597510373444035
0.11897738446411013,0.016528925619834656
0.11946902654867257,0.016460905349794275
0.119960668633235,0.016393442622950838
0.12045231071779744,0.01632653061224487
0.12094395280235988,0.016260162601625994
0.12143559488692232,0.01619433198380571
0.12192723697148476,0.016129032258064502
0.1224188790560472,0.016064257028112428
0.12291052114060963,0.016000000000000014
0.12340216322517207,0.015936254980079667
0.12389380530973451,0.015873015873015928
0.12438544739429695,0.015810276679841917
0.1248770894788594,0.015748031496062964
0.12536873156342182,0.015686274509803977
0.12586037364798427,0.015625
0.1263520157325467,0.015564202334630295
0.12684365781710916,0.015503875968992276
0.12733529990167158,0.015444015444015413
0.127826941986234,0.01538461538461533
0.12831858407079647,0.01532567049808431
0.1288102261553589,0.01526717557251911
0.12930186823992135,0.01520912547528519
0.12979351032448377,0.015151515151515138
0.1302851524090462,0.015094339622641506
0.13077679449360866,0.015037593984962405
0.13126843657817108,0.014981273408239737
0.13176007866273354,0.014925373134328401
0.13225172074729596,0.014869888475836479
0.13274336283185842,0.014814814814814836
0.13323500491642085,0.014760147601476037
0.13372664700098327,0.014705882352941124
0.13421828908554573,0.0146520146520146
0.13470993117010815,0.014598540145985384
0.1352015732546706,0.014545454545454528
0.13569321533923304,0.01449275362318836
0.13618485742379546,0.014440433212996373
0.13667649950835792,0.014388489208633115
0.13716814159292035,0.014336917562724039
0.1376597836774828,0.014285714285714235
0.13815142576204523,0.014234875444839812
0.13864306784660768,0.014184397163120588
0.1391347099311701,0.014134275618374548
0.13962635201573254,0.014084507042253502
0.140117994100295,0.01403508771929829
0.14060963618485742,0.013986013986013957
0.14110127826941987,0.013937282229965153
0.1415929203539823,0.01388888888888884
0.14208456243854473,0.01384083044982698
0.14257620452310718,0.01379310344827589
0.1430678466076696,0.013745704467353903
0.14355948869223206,0.013698630136986356
0.1440511307767945,0.013651877133105783
0.14454277286135694,0.013605442176870763
0.14503441494591937,0.013559322033898313
0.1455260570304818,0.013513513513513487
0.14601769911504425,0.013468013468013518
0.14650934119960668,0.01342281879194629
0.14700098328416913,0.013377926421404673
0.14749262536873156,0.013333333333333308
0.147984267453294,0.013289036544850474
0.14847590953785644,0.013245033112582738
0.14896755162241887,0.01320132013201325
0.14945919370698132,0.013157894736842146
0.14995083579154375,0.013114754098360604
0.1504424778761062,0.013071895424836555
0.15093411996066863,0.013029315960912058
0.15142576204523106,0.012987012987012991
0.15191740412979352,0.012944983818770184
0.15240904621435594,0.012903225806451646
0.1529006882989184,0.012861736334405127
0.15339233038348082,0.012820512820512775
0.15388397246804325,0.012779552715655007
0.1543756145526057,0.01273885350318471
0.15486725663716813,0.012698412698412653
0.1553588987217306,0.012658227848101222
0.15585054080629301,0.012618296529968487
0.15634218289085547,0.012578616352201255
0.1568338249754179,0.01253918495297801
0.15732546705998032,0.012499999999999956
0.15781710914454278,0.012461059190031154
0.1583087512291052,0.012422360248447228
0.15880039331366766,0.012383900928792602
0.1592920353982301,0.012345679012345734
0.1597836774827925,0.012307692307692353
0.16027531956735497,0.012269938650306789
0.1607669616519174,0.012232415902140636
0.16125860373647985,0.012195121951219523
0.16175024582104228,0.012158054711246202
0.16224188790560473,0.012121212121212088
0.16273352999016716,0.012084592145015116
0.16322517207472959,0.012048192771084376
0.16371681415929204,0.012012012012011963
0.16420845624385447,0.0119760479041916
0.16470009832841692,0.011940298507462699
0.16519174041297935,0.011904761904761862
0.16568338249754178,0.011869436201780381
0.16617502458210423,0.011834319526627168
0.16666666666666666,0.01179941002949858
0.1671583087512291,0.0117647058823529
0.16764995083579154,0.011730205278592365
0.168141592920354,0.011695906432748537
0.16863323500491642,0.011661807580174877
0.16912487708947885,0.011627906976744207
0.1696165191740413,0.011594202898550732
0.17010816125860373,0.011560693641618491
0.17059980334316618,0.011527377521613813
0.1710914454277286,0.011494252873563204
0.17158308751229107,0.011461318051575908
0.1720747295968535,0.011428571428571455
0.17256637168141592,0.01139601139601143
0.17305801376597837,0.011363636363636354
0.1735496558505408,0.011331444759206777
0.17404129793510326,0.011299435028248594
0.17453294001966568,0.011267605633802802
0.1750245821042281,0.011235955056179803
0.17551622418879056,0.011204481792717047
0.176007866273353,0.011173184357541888
0.17649950835791545,0.011142061281337101
0.17699115044247787,0.011111111111111072
0.17748279252704033,0.011080332409972304
0.17797443461160276,0.011049723756906049
0.17846607669616518,0.011019283746556474
0.17895771878072764,0.01098901098901095
0.17944936086529006,0.010958904109588996
0.17994100294985252,0.010928961748633892
0.18043264503441495,0.010899182561307952
0.18092428711897737,0.010869565217391353
0.18141592920353983,0.010840108401083959
0.18190757128810225,0.010810810810810811
0.1823992133726647,0.010781671159029615
0.18289085545722714,0.010752688172043001
0.1833824975417896,0.01072386058981234
0.18387413962635202,0.010695187165775444
0.18436578171091444,0.010666666666666713
0.1848574237954769,0.010638297872340385
0.18534906588003933,0.010610079575596787
0.18584070796460178,0.010582010582010581
0.1863323500491642,0.01055408970976257
0.18682399213372664,0.010526315789473717
0.1873156342182891,0.01049868766404205
0.18780727630285152,0.010471204188481686
0.18829891838741397,0.010443864229765065
0.1887905604719764,0.01041666666666663
0.18928220255653885,0.010389610389610393
0.18977384464110128,0.010362694300518172
0.1902654867256637,0.01033591731266148
0.19075712881022616,0.010309278350515427
0.1912487708947886,0.010282776349614386
0.19174041297935104,0.01025641025641022
0.19223205506391347,0.010230179028132946
0.1927236971484759,0.010204081632653073
0.19321533923303835,0.010178117048346036
0.19370698131760078,0.010152284263959421
0.19419862340216323,0.010126582278481067
0.19469026548672566,0.010101010101010055
0.19518190757128812,0.010075566750629705
0.19567354965585054,0.01005025125628145
0.19616519174041297,0.010025062656641603
0.19665683382497542,0.010000000000000009
0.19714847590953785,0.009975062344139696
0.1976401179941003,0.00995024875621886
0.19813176007866273,0.00992555831265507
0.19862340216322516,0.00990099009900991
0.19911504424778761,0.00987654320987652
0.19960668633235004,0.009852216748768461
0.2000983284169125,0.009828009828009798
0.20058997050147492,0.009803921568627416
0.20108161258603738,0.009779951100244544
0.2015732546705998,0.009756097560975618
0.20206489675516223,0.009732360097323589
0.2025565388397247,0.009708737864077666
0.2030481809242871,0.009685230024213065
0.20353982300884957,0.009661835748792313
0.204031465093412,0.009638554216867434
0.20452310717797442,0.009615384615384581
0.20501474926253688,0.00959232613908878
0.2055063913470993,0.009569377990430672
0.20599803343166176,0.009546539379474916
0.20648967551622419,0.00952380952380949
0.20698131760078664,0.009501187648456089
0.20747295968534907,0.009478672985781977
0.2079646017699115,0.009456264775413725
0.20845624385447395,0.009433962264150941
0.20894788593903638,0.009411764705882342
0.20943952802359883,0.009389671361502372
0.20993117010816126,0.00936768149882905
0.21042281219272368,0.009345794392523366
0.21091445427728614,0.009324009324009341
0.21140609636184857,0.009302325581395321
0.21189773844641102,0.009280742459396807
0.21238938053097345,0.0092592592592593
0.2128810226155359,0.009237875288683584
0.21337266470009833,0.009216589861751112
0.21386430678466076,0.00919540229885063
0.2143559488692232,0.00917431192660545
0.21484759095378564,0.009153318077803174
0.2153392330383481,0.0091324200913242
0.21583087512291052,0.009111617312072884
0.21632251720747295,0.009090909090909038
0.2168141592920354,0.009070294784580546
0.21730580137659783,0.009049773755656076
0.21779744346116028,0.009029345372460473
0.2182890855457227,0.009009009009009028
0.21878072763028517,0.008988764044943864
0.2192723697148476,0.008968609865470878
0.21976401179941002,0.008948545861297563
0.22025565388397247,0.008928571428571397
0.2207472959685349,0.008908685968819552
0.22123893805309736,0.008888888888888835
0.22173058013765978,0.008869179600886956
0.2222222222222222,0.008849557522123908
0.22271386430678466,0.008830022075055233
0.2232055063913471,0.008810572687224627
0.22369714847590955,0.00879120879120876
0.22418879056047197,0.00877192982456143
0.22468043264503443,0.008752735229759279
0.22517207472959685,0.01091703056768556
0.22566371681415928,0.01089324618736387
0.22615535889872174,0.010869565217391353
0.22664700098328416,0.010845986984815648
0.22713864306784662,0.010822510822510845
0.22763028515240905,0.010799136069114423
0.22812192723697147,0.010775862068965525
0.22861356932153393,0.010752688172043001
0.22910521140609635,0.010729613733905574
0.2295968534906588,0.010706638115631661
0.23008849557522124,0.010683760683760646
0.2305801376597837,0.010660980810234588
0.23107177974434612,0.012765957446808529
0.23156342182890854,0.01273885350318471
0.232055063913471,0.012711864406779627
0.23254670599803343,0.012684989429175508
0.23303834808259588,0.012658227848101222
0.2335299901671583,0.012631578947368438
0.23402163225172073,0.012605042016806678
0.2345132743362832,0.012578616352201255
0.23500491642084562,0.012552301255230103
0.23549655850540807,0.012526096033402934
0.2359882005899705,0.012499999999999956
0.23647984267453295,0.012474012474012475
0.23697148475909538,0.012448132780082943
0.2374631268436578,0.012422360248447228
0.23795476892822026,0.012396694214875992
0.2384464110127827,0.012371134020618513
0.23893805309734514,0.012345679012345734
0.23942969518190757,0.012320328542094416
0.23992133726647,0.012295081967213073
0.24041297935103245,0.012269938650306789
0.24090462143559488,0.01224489795918371
0.24139626352015733,0.012219959266802416
0.24188790560471976,0.012195121951219523
0.24237954768928222,0.012170385395537497
0.24287118977384464,0.012145748987854255
0.24336283185840707,0.012121212121212088
0.24385447394296952,0.012096774193548376
0.24434611602753195,0.012072434607645843
0.2448377581120944,0.012048192771084376
0.24532940019665683,0.012024048096192397
0.24582104228121926,0.01200000000000001
0.24631268436578171,0.0119760479041916
0.24680432645034414,0.01195219123505975
0.2472959685349066,0.011928429423459286
0.24778761061946902,0.011904761904761862
0.24827925270403148,0.011881188118811892
0.2487708947885939,0.011857707509881465
0.24926253687315633,0.011834319526627168
0.2497541789577188,0.011811023622047223
0.2502458210422812,0.011787819253438081
0.25073746312684364,0.0117647058823529
0.2512291052114061,0.011741682974559686
0.25172074729596855,0.01171875
0.252212389380531,0.011695906432748537
0.2527040314650934,0.011673151750972721
0.25319567354965583,0.011650485436893177
0.2536873156342183,0.011627906976744207
0.25417895771878074,0.011605415860735047
0.25467059980334317,0.01158301158301156
0.2551622418879056,0.011560693641618491
0.255653883972468,0.011538461538461497
0.2561455260570305,0.01151631477927062
0.25663716814159293,0.011494252873563204
0.25712881022615536,0.01147227533460804
0.2576204523107178,0.011450381679389277
0.2581120943952802,0.011428571428571455
0.2586037364798427,0.011406844106463865
0.2590953785644051,0.011385199240986688
0.25958702064896755,0.011363636363636354
0.26007866273353,0.011342155009451793
0.2605703048180924,0.01132075471698113
0.2610619469026549,0.011299435028248594
0.2615535889872173,0.011278195488721776
0.26204523107177974,0.011257035647279534
0.26253687315634217,0.011235955056179803
0.26302851524090465,0.01121495327102806
0.2635201573254671,0.011194029850746245
0.2640117994100295,0.011173184357541888
0.26450344149459193,0.01115241635687736
0.26499508357915436,0.011131725417439675
0.26548672566371684,0.011111111111111072
0.26597836774827927,0.011090573012939031
0.2664700098328417,0.011070110701106972
0.2669616519174041,0.011049723756906049
0.26745329400196655,0.011029411764705843
0.26794493608652903,0.011009174311926606
0.26843657817109146,0.01098901098901095
0.2689282202556539,0.010968921389396757
0.2694198623402163,0.010948905109489093
0.26991150442477874,0.010928961748633892
0.2704031465093412,0.010909090909090868
0.27089478859390365,0.010889292196007205
0.2713864306784661,0.010869565217391353
0.2718780727630285,0.010849909584086825
0.2723697148475909,0.010830324909747335
0.2728613569321534,0.010810810810810811
0.27335299901671584,0.010791366906474864
0.27384464110127826,0.010771992818671472
0.2743362831858407,0.010752688172043001
0.2748279252704032,0.01073345259391767
0.2753195673549656,0.010714285714285676
0.275811209439528,0.010695187165775444
0.27630285152409045,0.010676156583629859
0.2767944936086529,0.010657193605683846
0.27728613569321536,0.010638297872340385
0.2777777777777778,0.010619469026548645
0.2782694198623402,0.010600706713780883
0.27876106194690264,0.010582010582010581
0.27925270403146507,0.010563380281690127
0.27974434611602755,0.010544815465729385
0.28023598820059,0.010526315789473717
0.2807276302851524,0.010507880910682998
0.28121927236971483,0.010489510489510523
0.28171091445427726,0.010471204188481686
0.28220255653883974,0.010452961672473893
0.28269419862340217,0.01043478260869568
0.2831858407079646,0.01041666666666663
0.283677482792527,0.010398613518197597
0.28416912487708945,0.01038062283737029
0.28466076696165193,0.010362694300518172
0.28515240904621436,0.010344827586206917
0.2856440511307768,0.0103270223752151
0.2861356932153392,0.010309278350515427
0.2866273352999017,0.010291595197255532
0.2871189773844641,0.010273972602739767
0.28761061946902655,0.01025641025641022
0.288102261553589,0.010238907849829393
0.2885939036381514,0.010221465076660996
0.2890855457227139,0.010204081632653073
0.2895771878072763,0.01018675721561968
0.29006882989183874,0.01016949152542368
0.29056047197640117,0.010152284263959421
0.2910521140609636,0.010135135135135087
0.2915437561455261,0.010118043844856706
0.2920353982300885,0.010101010101010055
0.29252704031465093,0.010084033613445342
0.29301868239921336,0.010067114093959773
0.2935103244837758,0.01005025125628145
0.29400196656833827,0.010033444816053505
0.2944936086529007,0.01001669449081799
0.2949852507374631,0.010000000000000009
0.29547689282202555,0.009983361064891838
0.295968534906588,0.009966777408637828
0.29646017699115046,0.00995024875621886
0.2969518190757129,0.009933774834437137
0.2974434611602753,0.00991735537190086
0.29793510324483774,0.00990099009900991
0.2984267453294002,0.009884678747940745
0.29891838741396265,0.009868421052631526
0.2994100294985251,0.009852216748768461
0.2999016715830875,0.00983606557377048
0.30039331366764993,0.009819967266775809
0.3008849557522124,0.009803921568627416
0.30137659783677484,0.009787928221859699
0.30186823992133727,0.009771986970684043
0.3023598820058997,0.009756097560975618
0.3028515240904621,0.009740259740259716
0.3033431661750246,0.00972447325769854
0.30383480825958703,0.009708737864077666
0.30432645034414946,0.009693053311793265
0.3048180924287119,0.009677419354838679
0.3053097345132743,0.009661835748792313
0.3058013765978368,0.009646302250803873
0.3062930186823992,0.011235955056179803
0.30678466076696165,0.011217948717948678
0.3072763028515241,0.011199999999999988
0.3077679449360865,0.011182108626198062
0.308259587020649,0.011164274322169043
0.3087512291052114,0.011146496815286677
0.30924287118977384,0.011128775834658211
0.30973451327433627,0.011111111111111072
0.31022615535889875,0.011093502377179099
0.3107177974434612,0.011075949367088556
0.3112094395280236,0.011058451816745696
0.31170108161258603,0.01104100946372244
0.31219272369714846,0.011023622047244053
0.31268436578171094,0.011006289308176154
0.31317600786627336,0.01098901098901095
0.3136676499508358,0.010971786833855801
0.3141592920353982,0.010954616588419452
0.31465093411996065,0.010937500000000044
0.31514257620452313,0.010920436817472678
0.31563421828908556,0.010903426791277204
0.316125860373648,0.010886469673405896
0.3166175024582104,0.010869565217391353
0.31710914454277284,0.010852713178294615
0.3176007866273353,0.010835913312693513
0.31809242871189775,0.010819165378670781
0.3185840707964602,0.010802469135802517
0.3190757128810226,0.01078582434514641
0.319567354965585,0.010769230769230753
0.3200589970501475,0.010752688172043001
0.32055063913470994,0.010736196319018454
0.32104228121927236,0.01071975497702915
0.3215339233038348,0.010703363914373099
0.3220255653883973,0.010687022900763399
0.3225172074729597,0.010670731707317027
0.3230088495575221,0.010654490106544956
0.32350049164208455,0.010638297872340385
0.323992133726647,0.01062215477996964
0.32448377581120946,0.010606060606060619
0.3249754178957719,0.010590015128593033
0.3254670599803343,0.010574018126888185
0.32595870206489674,0.010558069381598756
0.32645034414945917,0.010542168674698815
0.32694198623402165,0.010526315789473717
0.3274336283185841,0.010510510510510551
0.3279252704031465,0.010494752623688153
0.32841691248770893,0.010479041916167664
0.32890855457227136,0.010463378176382654
0.32940019665683384,0.010447761194029903
0.32989183874139627,0.010432190760059634
0.3303834808259587,0.01041666666666663
0.3308751229105211,0.010401188707280795
0.33136676499508355,0.010385756676557834
0.33185840707964603,0.010370370370370363
0.33235004916420846,0.010355029585798814
0.3328416912487709,0.010339734121122546
0.3333333333333333,0.010324483775811188
0.3338249754178958,0.010309278350515427
0.3343166175024582,0.010294117647058787
0.33480825958702065,0.01027900146842875
0.3352999016715831,0.01026392961876832
0.3357915437561455,0.010248901903367469
0.336283185840708,0.010233918128654929
0.3367748279252704,0.010218978102189746
0.33726647000983284,0.010204081632653073
0.33775811209439527,0.010189228529839833
0.3382497541789577,0.01017441860465118
0.3387413962635202,0.010159651669085612
0.3392330383480826,0.010144927536231862
0.33972468043264503,0.01013024602026047
0.34021632251720746,0.010115606936416222
0.3407079646017699,0.010101010101010055
0.34119960668633237,0.010086455331412059
0.3416912487708948,0.010071942446043147
0.3421828908554572,0.010057471264367845
0.34267453294001965,0.010043041606886627
0.34316617502458213,0.01002865329512892
0.34365781710914456,0.010014306151645225
0.344149459193707,0.010000000000000009
0.3446411012782694,0.0099857346647646
0.34513274336283184,0.009971509971509973
0.3456243854473943,0.009957325746799417
0.34611602753195675,0.009943181818181768
0.3466076696165192,0.009929078014184411
0.3470993117010816,0.009915014164305958
0.34759095378564403,0.00990099009900991
0.3480825958702065,0.009887005649717562
0.34857423795476894,0.009873060648801113
0.34906588003933137,0.009859154929577452
0.3495575221238938,0.011251758087201136
0.3500491642084562,0.011235955056179803
0.3505408062930187,0.011220196353436185
0.35103244837758113,0.011204481792717047
0.35152409046214356,0.01118881118881121
0.352015732546706,0.011173184357541888
0.3525073746312684,0.01115760111576014
0.3529990167158309,0.011142061281337101
0.3534906588003933,0.011126564673157202
0.35398230088495575,0.011111111111111072
0.3544739429695182,0.01109570041608876
0.35496558505408066,0.012465373961218829
0.3554572271386431,0.012448132780082943
0.3559488692232055,0.012430939226519389
0.35644051130776794,0.012413793103448256
0.35693215339233036,0.012396694214875992
0.35742379547689285,0.012379642365887178
0.3579154375614553,0.012362637362637319
0.3584070796460177,0.012345679012345734
0.35889872173058013,0.012328767123287676
0.35939036381514256,0.012311901504788003
0.35988200589970504,0.012295081967213073
0.36037364798426746,0.012278308321964526
0.3608652900688299,0.012261580381471404
0.3613569321533923,0.01224489795918371
0.36184857423795475,0.012228260869565188
0.36234021632251723,0.012211668928086894
0.36283185840707965,0.012195121951219523
0.3633235004916421,0.012178619756427644
0.3638151425762045,0.012162162162162149
0.36430678466076694,0.012145748987854255
0.3647984267453294,0.013477088948787075
0.36529006882989185,0.013458950201884257
0.36578171091445427,0.013440860215053752
0.3662733529990167,0.01342281879194629
0.3667649950835792,0.013404825737265424
0.3672566371681416,0.01338688085676043
0.36774827925270404,0.013368983957219305
0.36823992133726646,0.013351134846461998
0.3687315634218289,0.013333333333333308
0.36922320550639137,0.013315579227696439
0.3697148475909538,0.013297872340425565
0.3702064896755162,0.013280212483399723
0.37069813176007865,0.01326259946949604
0.3711897738446411,0.013245033112582738
0.37168141592920356,0.013227513227513255
0.372173058013766,0.013210039630118908
0.3726647000983284,0.01319261213720313
0.37315634218289084,0.013175230566534912
0.37364798426745327,0.013157894736842146
0.37413962635201575,0.013140604467805517
0.3746312684365782,0.013123359580052507
0.3751229105211406,0.013106159895150737
0.37561455260570303,0.01308900523560208
0.37610619469026546,0.013071895424836555
0.37659783677482794,0.01305483028720622
0.37708947885939037,0.013037809647979182
0.3775811209439528,0.01302083333333337
0.3780727630285152,0.013003901170351106
0.3785644051130777,0.012987012987012991
0.37905604719764013,0.012970168612191912
0.37954768928220256,0.012953367875647714
0.380039331366765,0.012936610608020649
0.3805309734513274,0.012919896640826822
0.3810226155358899,0.012903225806451646
0.3815142576204523,0.012886597938144284
0.38200589970501475,0.012870012870012881
0.3824975417895772,0.01285347043701801
0.3829891838741396,0.012836970474967901
0.3834808259587021,0.012820512820512775
0.3839724680432645,0.012804097311139517
0.38446411012782694,0.012787723785166238
0.38495575221238937,0.012771392081736943
0.3854473942969518,0.012755102040816313
0.3859390363815143,0.01273885350318471
0.3864306784660767,0.012722646310432517
0.38692232055063913,0.01270648030495558
0.38741396263520156,0.012690355329949221
0.387905604719764,0.012674271229404344
0.38839724680432647,0.012658227848101222
0.3888888888888889,0.012642225031605614
0.3893805309734513,0.012626262626262652
0.38987217305801375,0.01261034047919296
0.39036381514257623,0.012594458438287104
0.39085545722713866,0.012578616352201255
0.3913470993117011,0.012562814070351758
0.3918387413962635,0.012547051442910906
0.39233038348082594,0.01253132832080206
0.3928220255653884,0.01251564455569465
0.39331366764995085,0.012499999999999956
0.3938053097345133,0.012484394506866447
0.3942969518190757,0.012468827930174564
0.39478859390363813,0.012453300124533051
0.3952802359882006,0.01243781094527363
0.39577187807276304,0.012422360248447228
0.39626352015732547,0.012406947890818865
0.3967551622418879,0.012391573729863659
0.3972468043264503,0.012376237623762387
0.3977384464110128,0.012360939431396822
0.39823008849557523,0.012345679012345734
0.39872173058013766,0.012330456226880449
0.3992133726647001,0.012315270935960632
0.3997050147492625,0.012300123001230068
0.400196656833825,0.012285012285012331
0.4006882989183874,0.012269938650306789
0.40117994100294985,0.01225490196078427
0.4016715830875123,0.012239902080783405
0.40216322517207476,0.012224938875305624
0.4026548672566372,0.012210012210012167
0.4031465093411996,0.012195121951219523
0.40363815142576204,0.01218026796589522
0.40412979351032446,0.012165450121654486
0.40462143559488695,0.012150668286755817
0.4051130776794494,0.012135922330097082
0.4056047197640118,0.012121212121212088
0.4060963618485742,0.01210653753026636
0.40658800393313665,0.01209189842805325
0.40707964601769914,0.012077294685990392
0.40757128810226156,0.012062726176115812
0.408062930186824,0.012048192771084376
0.4085545722713864,0.012033694344163681
0.40904621435594885,0.012019230769230727
0.4095378564405113,0.01200480192076836
0.41002949852507375,0.011990407673860948
0.4105211406096362,0.0119760479041916
0.4110127826941986,0.011961722488038284
0.41150442477876104,0.01194743130227005
0.4119960668633235,0.011933174224343701
0.41248770894788594,0.011918951132300348
0.41297935103244837,0.011904761904761862
0.4134709931170108,0.01189060642092743
0.4139626352015733,0.01187648456057011
0.4144542772861357,0.011862396204033177
0.41494591937069814,0.011848341232227444
0.41543756145526056,0.011834319526627168
0.415929203539823,0.011820330969267157
0.41642084562438547,0.011806375442739103
0.4169124877089479,0.011792452830188704
0.4174041297935103,0.011778563015312105
0.41789577187807275,0.0117647058823529
0.4183874139626352,0.011750881316098694
0.41887905604719766,0.011737089201877882
0.4193706981317601,0.011723329425556872
0.4198623402163225,0.011709601873536313
0.42035398230088494,0.011695906432748537
0.42084562438544737,0.011682242990654235
0.42133726647000985,0.011668611435239229
0.4218289085545723,0.011655011655011704
0.4223205506391347,0.011641443538998875
0.42281219272369713,0.011627906976744207
0.42330383480825956,0.011614401858304313
0.42379547689282204,0.011600928074245953
0.42428711897738447,0.011587485515643148
0.4247787610619469,0.01157407407407407
0.4252704031465093,0.011560693641618491
0.4257620452310718,0.011547344110854452
0.42625368731563423,0.011534025374855816
0.42674532940019666,0.011520737327188946
0.4272369714847591,0.011507479861910253
0.4277286135693215,0.011494252873563204
0.428220255653884,0.01148105625717566
0.4287118977384464,0.011467889908256867
0.42920353982300885,0.01145475372279492
0.4296951819075713,0.011441647597253968
0.4301868239921337,0.011428571428571455
0.4306784660766962,0.011415525114155223
0.4311701081612586,0.011402508551881407
0.43166175024582104,0.011389521640091105
0.43215339233038347,0.011376564277588153
0.4326450344149459,0.011363636363636354
0.4331366764995084,0.011350737797956922
0.4336283185840708,0.0113378684807256
0.43411996066863323,0.011325028312570762
0.43461160275319566,0.011312217194570096
0.4351032448377581,0.011299435028248594
0.43559488692232057,0.011286681715575675
0.436086529006883,0.011273957158962844
0.4365781710914454,0.011261261261261257
0.43706981317600785,0.011248593925759276
0.43756145526057033,0.011235955056179803
0.43805309734513276,0.011223344556677839
0.4385447394296952,0.011210762331838597
0.4390363815142576,0.011198208286674172
0.43952802359882004,0.01118568232662187
0.4400196656833825,0.011173184357541888
0.44051130776794495,0.011160714285714302
0.4410029498525074,0.01114827201783719
0.4414945919370698,0.011135857461024523
0.44198623402163223,0.011123470522803158
0.4424778761061947,0.011111111111111072
0.44296951819075714,0.011098779134295245
0.44346116027531957,0.011086474501108667
0.443952802359882,0.011074197120708784
0.4444444444444444,0.011061946902654829
0.4449360865290069,0.011049723756906049
0.44542772861356933,0.01103752759381893
0.44591937069813176,0.011025358324145529
0.4464110127826942,0.011013215859030812
0.4469026548672566,0.011001100110010986
0.4473942969518191,0.01098901098901095
0.4478859390363815,0.010976948408342513
0.44837758112094395,0.010964912280701733
0.4488692232055064,0.010952902519167584
0.44936086529006886,0.01094091903719907
0.4498525073746313,0.010928961748633892
0.4503441494591937,0.01091703056768556
0.45083579154375614,0.010905125408942173
0.45132743362831856,0.01089324618736387
0.45181907571288105,0.01088139281828071
0.4523107177974435,0.010869565217391353
0.4528023598820059,0.010857763300760048
0.4532940019665683,0.010845986984815648
0.45378564405113075,0.010834236186348822
0.45427728613569324,0.010822510822510845
0.45476892822025566,0.010810810810810811
0.4552605703048181,0.010799136069114423
0.4557522123893805,0.010787486515641875
0.45624385447394294,0.010775862068965525
0.4567354965585054,0.01076426264800856
0.45722713864306785,0.010752688172043001
0.4577187807276303,0.01074113856068748
0.4582104228121927,0.010729613733905574
0.45870206489675514,0.010718113612004254
0.4591937069813176,0.010706638115631661
0.45968534906588004,0.010695187165775444
0.46017699115044247,0.010683760683760646
0.4606686332350049,0.01067235859124871
0.4611602753195674,0.010660980810234588
0.4616519174041298,0.010649627263045747
0.46214355948869223,0.011702127659574457
0.46263520157325466,0.011689691817215686
0.4631268436578171,0.011677282377919318
0.46361848574237957,0.01166489925768821
0.464110127826942,0.01165254237288138
0.4646017699115044,0.011640211640211673
0.46509341199606685,0.011627906976744207
0.4655850540806293,0.011615628299894376
0.46607669616519176,0.011603375527426185
0.4665683382497542,0.011591148577449917
0.4670599803343166,0.011578947368421022
0.46755162241887904,0.011566771819137789
0.46804326450344147,0.011554621848739455
0.46853490658800395,0.011542497376705096
0.4690265486725664,0.011530398322851187
0.4695181907571288,0.011518324607329822
0.47000983284169123,0.011506276150627603
0.47050147492625366,0.011494252873563204
0.47099311701081614,0.011482254697286032
0.47148475909537857,0.01147028154327423
0.471976401179941,0.011458333333333348
0.4724680432645034,0.01144640998959412
0.4729596853490659,0.011434511434511463
0.47345132743362833,0.011422637590861928
0.47394296951819076,0.011410788381742698
0.4744346116027532,0.011398963730569922
0.4749262536873156,0.011387163561076608
0.4754178957718781,0.011375387797311287
0.4759095378564405,0.011363636363636354
0.47640117994100295,0.011351909184726505
0.4768928220255654,0.01134020618556697
0.4773844641101278,0.011328527291452062
0.4778761061946903,0.011316872427983515
0.4783677482792527,0.01130524152106882
0.47885939036381514,0.011293634496919891
0.47935103244837757,0.011282051282051286
0.47984267453294,0.01127049180327866
0.4803343166175025,0.011258955987717534
0.4808259587020649,0.011247443762781195
0.48131760078662733,0.011235955056179803
0.48180924287118976,0.011224489795918391
0.4823008849557522,0.011213047910295648
0.48279252704031467,0.011201629327902252
0.4832841691248771,0.011190233977619535
0.4837758112094395,0.011178861788617933
0.48426745329400195,0.011167512690355319
0.48475909537856443,0.011156186612576113
0.48525073746312686,0.011144883485309065
0.4857423795476893,0.011133603238866363
0.4862340216322517,0.011122345803842304
0.48672566371681414,0.011111111111111072
0.4872173058013766,0.011099899091826404
0.48770894788593905,0.011088709677419373
0.4882005899705015,0.011077542799597162
0.4886922320550639,0.01106639839034207
0.48918387413962633,0.011055276381909507
0.4896755162241888,0.011044176706827336
0.49016715830875124,0.011033099297893645
0.49065880039331367,0.011022044088176308
0.4911504424778761,0.011011011011010985
0.4916420845624385,0.01100000000000001
0.492133726647001,0.01098901098901095
0.49262536873156343,0.010978043912175606
0.49311701081612586,0.010967098703888345
0.4936086529006883,0.010956175298804771
0.4941002949852507,0.010945273631840835
0.4945919370698132,0.010934393638170947
0.4950835791543756,0.010923535253227423
0.49557522123893805,0.010912698412698374
0.4960668633235005,0.010901883052527261
0.49655850540806296,0.0108910891089109
0.4970501474926254,0.010880316518298683
0.4975417895771878,0.010869565217391353
0.49803343166175024,0.010858835143139234
0.49852507374631266,0.010848126232741673
0.49901671583087515,0.010837438423645374
0.4995083579154376,0.010826771653543288
0.5,0.010816125860373615
0.5004916420845624,0.01080550098231825
0.5009832841691249,0.01079489695780178
0.5014749262536873,0.010784313725490158
0.5019665683382497,0.010773751224289918
0.5024582104228122,0.010763209393346407
0.5029498525073747,0.010752688172043001
0.5034414945919371,0.0107421875
0.5039331366764995,0.01073170731707318
0.504424778761062,0.010721247563352798
0.5049164208456244,0.01071080817916259
0.5054080629301868,0.010700389105058328
0.5058997050147492,0.010689990281827044
0.5063913470993117,0.010679611650485477
0.5068829891838741,0.01066925315227929
0.5073746312684366,0.01065891472868219
0.507866273352999,0.010648596321394033
0.5083579154375615,0.010638297872340385
0.5088495575221239,0.010628019323671523
0.5093411996066863,0.010617760617760652
0.5098328416912488,0.01060752169720347
0.5103244837758112,0.010597302504816941
0.5108161258603736,0.010587102983638075
0.511307767944936,0.01057692307692304
0.5117994100294986,0.01056676272814605
0.512291052114061,0.01055662188099804
0.5127826941986234,0.010546500479386434
0.5132743362831859,0.010536398467432928
0.5137659783677483,0.010526315789473717
0.5142576204523107,0.010516252390057379
0.5147492625368731,0.010506208213944657
0.5152409046214356,0.010496183206106902
0.515732546705998,0.010486177311725409
0.5162241887905604,0.010476190476190528
0.516715830875123,0.010466222645099887
0.5172074729596854,0.010456273764258506
0.5176991150442478,0.010446343779677125
0.5181907571288102,0.010436432637571103
0.5186823992133727,0.010426540284360186
0.5191740412979351,0.01041666666666663
0.5196656833824975,0.01040681173131508
0.52015732546706,0.010396975425330801
0.5206489675516224,0.010387157695939564
0.5211406096361848,0.010377358490566091
0.5216322517207473,0.010367577756833168
0.5221238938053098,0.010357815442561202
0.5226155358898722,0.010348071495766664
0.5231071779744346,0.010338345864661647
0.523598820058997,0.010328638497652531
0.5240904621435595,0.010318949343339545
0.5245821042281219,0.010309278350515427
0.5250737463126843,0.010299625468164764
0.5255653883972468,0.010289990645463098
0.5260570304818093,0.010280373831775713
0.5265486725663717,0.010270774976657293
0.5270403146509341,0.010261194029850706
0.5275319567354966,0.010251630941286116
0.528023598820059,0.010242085661080091
0.5285152409046214,0.01023255813953483
0.5290068829891839,0.010223048327137496
0.5294985250737463,0.010213556174558991
0.5299901671583087,0.010204081632653073
0.5304818092428711,0.010194624652456019
0.5309734513274337,0.010185185185185186
0.5314650934119961,0.010175763182238673
0.5319567354965585,0.010166358595194103
0.532448377581121,0.010156971375807955
0.5329400196656834,0.01014760147601479
0.5334316617502458,0.010138248847926246
0.5339233038348082,0.0101289134438306
0.5344149459193707,0.010119595216191324
0.5349065880039331,0.010110294117647078
0.5353982300884956,0.010101010101010055
0.5358898721730581,0.010091743119266083
0.5363815142576205,0.010082493125572856
0.5368731563421829,0.010073260073260037
0.5373647984267453,0.010064043915828047
0.5378564405113078,0.010054844606946944
0.5383480825958702,0.010045662100456654
0.5388397246804326,0.010036496350364965
0.539331366764995,0.010027347310847756
0.5398230088495575,0.010018214936247771
0.54031465093412,0.010009099181073733
0.5408062930186824,0.010000000000000009
0.5412979351032449,0.010899182561307952
0.5417895771878073,0.010889292196007205
0.5422812192723697,0.010879419764279197
0.5427728613569321,0.010869565217391353
0.5432645034414946,0.010859728506787292
0.543756145526057,0.010849909584086825
0.5442477876106194,0.010840108401083959
0.5447394296951819,0.010830324909747335
0.5452310717797444,0.010820559062218238
0.5457227138643068,0.010810810810810811
0.5462143559488692,0.010801080108010841
0.5467059980334317,0.010791366906474864
0.5471976401179941,0.010781671159029615
0.5476892822025565,0.010771992818671472
0.548180924287119,0.010762331838565009
0.5486725663716814,0.010752688172043001
0.5491642084562438,0.0107430617726052
0.5496558505408063,0.01073345259391767
0.5501474926253688,0.01072386058981234
0.5506391347099312,0.010714285714285676
0.5511307767944936,0.01070472792149868
0.551622418879056,0.010695187165775444
0.5521140609636185,0.010685663401602818
0.5526057030481809,0.010676156583629859
0.5530973451327433,0.010666666666666713
0.5535889872173058,0.010657193605683846
0.5540806293018682,0.010647737355811926
0.5545722713864307,0.010638297872340385
0.5550639134709932,0.011514614703277193
0.5555555555555556,0.011504424778761013
0.556047197640118,0.011494252873563204
0.5565388397246804,0.0114840989399293
0.5570304818092429,0.011473962930273585
0.5575221238938053,0.011463844797178102
0.5580137659783677,0.011453744493392093
0.5585054080629301,0.011443661971830998
0.5589970501474927,0.011433597185576128
0.5594886922320551,0.011423550087873435
0.5599803343166175,0.011413520632133412
0.56047197640118,0.01140350877192986
0.5609636184857424,0.011393514460999121
0.5614552605703048,0.011383537653239961
0.5619469026548672,0.011373578302712128
0.5624385447394297,0.011363636363636354
0.5629301868239921,0.011353711790393017
0.5634218289085545,0.011343804537521818
0.5639134709931171,0.011333914559720992
0.5644051130776795,0.011324041811846652
0.5648967551622419,0.011314186248912117
0.5653883972468043,0.011304347826086913
0.5658800393313668,0.011294526498696777
0.5663716814159292,0.01128472222222221
0.5668633235004916,0.011274934952298366
0.567354965585054,0.011265164644714054
0.5678466076696165,0.011255411255411296
0.5683382497541789,0.011245674740484435
0.5688298918387414,0.011235955056179803
0.5693215339233039,0.011226252158894612
0.5698131760078663,0.011216566005176842
0.5703048180924287,0.011206896551724133
0.5707964601769911,0.011197243755383335
0.5712881022615536,0.011187607573149738
0.571779744346116,0.011177987962166847
0.5722713864306784,0.011168384879725046
0.5727630285152409,0.011158798283261828
0.5732546705998034,0.011149228130360234
0.5737463126843658,0.011139674378748965
0.5742379547689282,0.011130136986301387
0.5747295968534907,0.011120615911035081
0.5752212389380531,0.011111111111111072
0.5757128810226155,0.01110162254483349
0.576204523107178,0.011092150170648463
0.5766961651917404,0.011082693947144118
0.5771878072763028,0.011073253833049357
0.5776794493608652,0.01106382978723408
0.5781710914454278,0.011054421768707523
0.5786627335299902,0.011045029736618472
0.5791543756145526,0.011035653650254718
0.5796460176991151,0.011026293469041604
0.5801376597836775,0.011016949152542366
0.5806293018682399,0.01100762066045724
0.5811209439528023,0.010998307952622688
0.5816125860373648,0.01098901098901095
0.5821042281219272,0.010979729729729715
0.5825958702064897,0.010970464135021119
0.5830875122910522,0.010961214165261413
0.5835791543756146,0.010951979780960408
0.584070796460177,0.01094276094276092
0.5845624385447394,0.010933557611438216
0.5850540806293019,0.01092436974789912
0.5855457227138643,0.010915197313182246
0.5860373647984267,0.01090604026845643
0.5865290068829891,0.010896898575020963
0.5870206489675516,0.010887772194304812
0.5875122910521141,0.01087866108786606
0.5880039331366765,0.010869565217391353
0.588495575221239,0.010860484544695126
0.5889872173058014,0.01085141903171949
0.5894788593903638,0.010842368640533784
0.5899705014749262,0.010833333333333361
0.5904621435594887,0.010824313072439584
0.5909537856440511,0.010815307820299491
0.5914454277286135,0.010806317539484578
0.591937069813176,0.010797342192691017
0.5924287118977385,0.010788381742738551
0.5929203539823009,0.010779436152570487
0.5934119960668633,0.010770505385252704
0.5939036381514258,0.010761589403973537
0.5943952802359882,0.010752688172043001
0.5948869223205506,0.01074380165289257
0.595378564405113,0.01073492981007429
0.5958702064896755,0.010726072607260773
0.5963618485742379,0.010717230008243983
0.5968534906588004,0.010708401976935789
0.5973451327433629,0.010699588477366295
0.5978367748279253,0.010690789473684181
0.5983284169124877,0.010682004930156141
0.5988200589970502,0.010673234811165888
0.5993117010816126,0.010664479081214151
0.599803343166175,0.010655737704918011
0.6002949852507374,0.01064701064701068
0.6007866273352999,0.010638297872340385
0.6012782694198623,0.010629599345870822
0.6017699115044248,0.0106209150326797
0.6022615535889873,0.0106122448979592
0.6027531956735497,0.010603588907014627
0.6032448377581121,0.010594947025264867
0.6037364798426745,0.010586319218241047
0.604228121927237,0.01057770545158665
0.6047197640117994,0.010569105691056957
0.6052114060963618,0.010560519902518273
0.6057030481809242,0.010551948051948035
0.6061946902654868,0.010543390105433925
0.6066863323500492,0.010534846029173428
0.6071779744346116,0.010526315789473717
0.6076696165191741,0.010517799352750767
0.6081612586037365,0.010509296685529468
0.6086529006882989,0.01050080775444262
0.6091445427728613,0.01049233252623083
0.6096361848574238,0.010483870967741948
0.6101278269419862,0.010475423045930743
0.6106194690265486,0.01046698872785834
0.6111111111111112,0.01045856798069189
0.6116027531956736,0.010450160771704131
0.612094395280236,0.010441767068273045
0.6125860373647984,0.010433386837881198
0.6130776794493609,0.010425020048115519
0.6135693215339233,0.01041666666666663
0.6140609636184857,0.01040832666132907
0.6145526057030481,0.010399999999999965
0.6150442477876106,0.010391686650679466
0.615535889872173,0.010383386581469645
0.6160275319567355,0.010375099760574602
0.616519174041298,0.010366826156299802
0.6170108161258604,0.01035856573705174
0.6175024582104228,0.010350318471337605
0.6179941002949852,0.010342084327764511
0.6184857423795477,0.010333863275039712
0.6189773844641101,0.010325655281969826
0.6194690265486725,0.01031746031746028
0.619960668633235,0.010309278350515427
0.6204523107177975,0.010301109350237758
0.6209439528023599,0.010292953285827355
0.6214355948869223,0.010284810126582333
0.6219272369714848,0.010276679841897285
0.6224188790560472,0.010268562401263837
0.6229105211406096,0.010260457774269982
0.6234021632251721,0.010252365930599416
0.6238938053097345,0.010244286840031536
0.6243854473942969,0.010236220472440993
0.6248770894788593,0.010228166797797034
0.6253687315634219,0.010220125786163492
0.6258603736479843,0.01021209740769835
0.6263520157325467,0.010204081632653073
0.6268436578171092,0.010196078431372602
0.6273352999016716,0.010188087774294696
0.627826941986234,0.01018010963194993
0.6283185840707964,0.010172143974960912
0.6288102261553589,0.010164190774042181
0.6293018682399213,0.010156249999999978
0.6297935103244838,0.010148321623731471
0.6302851524090463,0.010140405616224646
0.6307767944936087,0.010132501948558081
0.6312684365781711,0.010124610591900285
0.6317600786627335,0.010116731517509692
0.632251720747296,0.01010886469673411
0.6327433628318584,0.010101010101010055
0.6332350049164208,0.010093167701863304
0.6337266470009832,0.010085337470907674
0.6342182890855457,0.010077519379844913
0.6347099311701082,0.010069713400464808
0.6352015732546706,0.010061919504643968
0.6356932153392331,0.010054137664346485
0.6361848574237955,0.010046367851622828
0.6366764995083579,0.010038610038610063
0.6371681415929203,0.010030864197530853
0.6376597836774828,0.010023130300693905
0.6381514257620452,0.01001540832049308
0.6386430678466076,0.01000769822940728
0.63913470993117,0.010000000000000009
0.6396263520157326,0.009992313604919256
0.640117994100295,0.009984639016897057
0.6406096361848574,0.010744435917114381
0.6411012782694199,0.010736196319018454
0.6415929203539823,0.01072796934865905
0.6420845624385447,0.01071975497702915
0.6425762045231072,0.010711553175210442
0.6430678466076696,0.010703363914373099
0.643559488692232,0.010695187165775444
0.6440511307767945,0.010687022900763399
0.644542772861357,0.01067887109077037
0.6450344149459194,0.010670731707317027
0.6455260570304818,0.010662604722010638
0.6460176991150443,0.011415525114155223
0.6465093411996067,0.011406844106463865
0.6470009832841691,0.011398176291793294
0.6474926253687315,0.011389521640091105
0.647984267453294,0.011380880121396042
0.6484759095378564,0.011372251705837777
0.6489675516224189,0.011363636363636354
0.6494591937069814,0.011355034065102187
0.6499508357915438,0.0113464447806354
0.6504424778761062,0.0113378684807256
0.6509341199606686,0.01132930513595165
0.6514257620452311,0.01132075471698113
0.6519174041297935,0.011312217194570096
0.6524090462143559,0.01130369253956287
0.6529006882989183,0.011295180722891596
0.6533923303834809,0.011286681715575675
0.6538839724680433,0.011278195488721776
0.6543756145526057,0.01126972201352372
0.6548672566371682,0.011261261261261257
0.6553588987217306,0.011252813203300849
0.655850540806293,0.011244377811094441
0.6563421828908554,0.011235955056179803
0.6568338249754179,0.011227544910179632
0.6573254670599803,0.011219147344801783
0.6578171091445427,0.011210762331838597
0.6583087512291053,0.011202389843166571
0.6588003933136677,0.011194029850746245
0.6592920353982301,0.01118568232662187
0.6597836774827925,0.011177347242920965
0.660275319567355,0.011169024571854091
0.6607669616519174,0.011160714285714302
0.6612586037364798,0.01115241635687736
0.6617502458210422,0.011144130757800852
0.6622418879056047,0.011135857461024523
0.6627335299901671,0.011127596439169163
0.6632251720747296,0.01111934766493694
0.6637168141592921,0.011111111111111072
0.6642084562438545,0.011102886750555152
0.6647000983284169,0.011094674556213047
0.6651917404129793,0.011086474501108667
0.6656833824975418,0.01107828655834564
0.6661750245821042,0.011070110701106972
0.6666666666666666,0.011061946902654829
0.6671583087512291,0.011053795136330091
0.6676499508357916,0.011045655375552244
0.668141592920354,0.01103752759381893
0.6686332350049164,0.0117647058823529
0.6691248770894789,0.011756061719323974
0.6696165191740413,0.011747430249632873
0.6701081612586037,0.011738811445341168
0.6705998033431662,0.011730205278592365
0.6710914454277286,0.01172161172161168
0.671583087512291,0.01171303074670571
0.6720747295968534,0.011704462326261877
0.672566371681416,0.011695906432748537
0.6730580137659784,0.011687363038714427
0.6735496558505408,0.011678832116788329
0.6740412979351033,0.011670313639679075
0.6745329400196657,0.011661807580174877
0.6750245821042281,0.011653313911143437
0.6755162241887905,0.011644832605531286
0.676007866273353,0.011636363636363667
0.6764995083579154,0.011627906976744207
0.6769911504424779,0.011619462599854802
0.6774827925270404,0.011611030478954953
0.6779744346116028,0.012327773749093551
0.6784660766961652,0.01231884057971011
0.6789577187807276,0.012309920347574277
0.6794493608652901,0.01230101302460207
0.6799410029498525,0.012292118582791
0.6804326450344149,0.012283236994219626
0.6809242871189773,0.012274368231046884
0.6814159292035398,0.012265512265512313
0.6819075712881023,0.012256669069935167
0.6823992133726647,0.012247838616714746
0.6828908554572272,0.012239020878329732
0.6833824975417896,0.012230215827338076
0.683874139626352,0.012221423436376666
0.6843657817109144,0.012212643678160884
0.6848574237954769,0.012203876525484603
0.6853490658800393,0.012195121951219523
0.6858407079646017,0.012186379928315394
0.6863323500491643,0.012177650429799458
0.6868239921337267,0.012168933428775897
0.6873156342182891,0.012160228898426273
0.6878072763028515,0.012151536812008534
0.688298918387414,0.012142857142857122
0.6887905604719764,0.012134189864382638
0.6892822025565388,0.012125534950071293
0.6897738446411013,0.012116892373485344
0.6902654867256637,0.012108262108262102
0.6907571288102261,0.012099644128113929
0.6912487708947886,0.012091038406827903
0.6917404129793511,0.012082444918265822
0.6922320550639135,0.012073863636363646
0.6927236971484759,0.012065294535131277
0.6932153392330384,0.012056737588652444
0.6937069813176008,0.012048192771084376
0.6941986234021632,0.012039660056657242
0.6946902654867256,0.012031139419674486
0.6951819075712881,0.01202263083451205
0.6956735496558505,0.012014134275618371
0.696165191740413,0.012005649717514166
0.6966568338249755,0.011997177134791759
0.6971484759095379,0.012693935119887145
0.6976401179941003,0.012684989429175508
0.6981317600786627,0.012676056338028152
0.6986234021632252,0.012667135819845132
0.6991150442477876,0.012658227848101222
0.69960668633235,0.012649332396345803
0.7000983284169124,0.012640449438202195
0.700589970501475,0.012631578947368438
0.7010816125860374,0.012622720897615736
0.7015732546705998,0.01261387526278912
0.7020648967551623,0.012605042016806678
0.7025565388397247,0.01259622113365988
0.7030481809242871,0.012587412587412583
0.7035398230088495,0.012578616352201255
0.704031465093412,0.012569832402234637
0.7045231071779744,0.012561060711793415
0.7050147492625368,0.012552301255230103
0.7055063913470994,0.012543554006968605
0.7059980334316618,0.012534818941504211
0.7064896755162242,0.012526096033402934
0.7069813176007866,0.012517385257301838
0.7074729596853491,0.012508686587908269
0.7079646017699115,0.012499999999999956
0.7084562438544739,0.012491325468424685
0.7089478859390363,0.012482662968099856
0.7094395280235988,0.012474012474012475
0.7099311701081613,0.012465373961218829
0.7104228121927237,0.01245674740484426
0.7109144542772862,0.012448132780082943
0.7114060963618486,0.012439530062197668
0.711897738446411,0.012430939226519389
0.7123893805309734,0.012422360248447228
0.7128810226155359,0.012413793103448256
0.7133726647000983,0.012405237767057153
0.7138643067846607,0.012396694214875992
0.7143559488692232,0.012388162422574012
0.7148475909537857,0.012379642365887178
0.7153392330383481,0.012371134020618513
0.7158308751229105,0.012362637362637319
0.716322517207473,0.012354152367879179
0.7168141592920354,0.012345679012345734
0.7173058013765978,0.012337217272104128
0.7177974434611603,0.012328767123287676
0.7182890855457227,0.012320328542094416
0.7187807276302851,0.012311901504788003
0.7192723697148475,0.012303485987696483
0.7197640117994101,0.012295081967213073
0.7202556538839725,0.012286689419795271
0.7207472959685349,0.012278308321964526
0.7212389380530974,0.012269938650306789
0.7217305801376598,0.012261580381471404
0.7222222222222222,0.012253233492171556
0.7227138643067846,0.01224489795918371
0.7232055063913471,0.012236573759347391
0.7236971484759095,0.012228260869565188
0.724188790560472,0.012219959266802416
0.7246804326450345,0.012211668928086894
0.7251720747295969,0.012203389830508504
0.7256637168141593,0.012195121951219523
0.7261553588987217,0.012863913337846977
0.7266470009832842,0.012855209742895779
0.7271386430678466,0.01284651791751179
0.727630285152409,0.012837837837837873
0.7281219272369714,0.01282916948008106
0.7286135693215339,0.012820512820512775
0.7291052114060964,0.013486176668914385
0.7295968534906588,0.013477088948787075
0.7300884955752213,0.013468013468013518
0.7305801376597837,0.013458950201884257
0.7310717797443461,0.01344989912575656
0.7315634218289085,0.013440860215053752
0.732055063913471,0.013431833445265329
0.7325467059980334,0.01342281879194629
0.7330383480825958,0.01341381623071769
0.7335299901671584,0.013404825737265424
0.7340216322517208,0.01339584728734089
0.7345132743362832,0.01338688085676043
0.7350049164208456,0.013377926421404673
0.7354965585054081,0.013368983957219305
0.7359882005899705,0.013360053440213737
0.7364798426745329,0.013351134846461998
0.7369714847590954,0.013342228152101399
0.7374631268436578,0.013333333333333308
0.7379547689282202,0.01332445036642238
0.7384464110127827,0.013315579227696439
0.7389380530973452,0.01330671989354626
0.7394296951819076,0.013297872340425565
0.73992133726647,0.013289036544850474
0.7404129793510325,0.013280212483399723
0.7409046214355949,0.013271400132713995
0.7413962635201573,0.01326259946949604
0.7418879056047197,0.013253810470510219
0.7423795476892822,0.013245033112582738
0.7428711897738446,0.013236267372600974
0.7433628318584071,0.013227513227513255
0.7438544739429696,0.013218770654329193
0.744346116027532,0.013210039630118908
0.7448377581120944,0.01320132013201325
0.7453294001966568,0.01319261213720313
0.7458210422812193,0.013183915622939968
0.7463126843657817,0.013175230566534912
0.7468043264503441,0.013166556945358843
0.7472959685349065,0.013157894736842146
0.7477876106194691,0.013149243918474718
0.7482792527040315,0.01379763469119577
0.7487708947885939,0.013788575180564644
0.7492625368731564,0.013779527559055094
0.7497541789577188,0.013770491803278717
0.7502458210422812,0.013761467889908285
0.7507374631268436,0.013752455795677854
0.7512291052114061,0.013743455497382207
0.7517207472959685,0.01373446697187708
0.7522123893805309,0.013725490196078383
0.7527040314650935,0.013716525146962755
0.7531956735496559,0.013707571801566565
0.7536873156342183,0.013698630136986356
0.7541789577187807,0.013689700130378069
0.7546705998033432,0.013680781758957705
0.7551622418879056,0.013671875
0.755653883972468,0.013662979830839306
0.7561455260570304,0.013654096228868706
0.7566371681415929,0.013645224171540016
0.7571288102261554,0.013636363636363669
0.7576204523107178,0.013627514600908497
0.7581120943952803,0.013618677042801508
0.7586037364798427,0.013609850939727774
0.7590953785644051,0.0136010362694301
0.7595870206489675,0.013592233009708687
0.76007866273353,0.013583441138421692
0.7605703048180924,0.014221073044602406
0.7610619469026548,0.014211886304909549
0.7615535889872173,0.01420271142672691
0.7620452310717798,0.014193548387096744
0.7625368731563422,0.014829142488716918
0.7630285152409046,0.014819587628865927
0.7635201573254671,0.01481004507405026
0.7640117994100295,0.014800514800514808
0.7645034414945919,0.014790996784565968
0.7649950835791544,0.014781491002570646
0.7654867256637168,0.014771997430956918
0.7659783677482792,0.014762516046213148
0.7664700098328416,0.014753046824887761
0.7669616519174042,0.014743589743589691
0.7674532940019666,0.014734144778987823
0.767944936086529,0.01472471190781055
0.7684365781710915,0.014715291106845774
0.7689282202556539,0.014705882352941124
0.7694198623402163,0.014696485623003186
0.7699115044247787,0.014687100893997496
0.7704031465093412,0.01467772814294832
0.7708947885939036,0.014668367346938771
0.7713864306784661,0.014659018483110242
0.7718780727630286,0.014649681528662417
0.772369714847591,0.014640356460852932
0.7728613569321534,0.014631043256997489
0.7733529990167158,0.014621741894469187
0.7738446411012783,0.014612452350698857
0.7743362831858407,0.014603174603174618
0.7748279252704031,0.014593908629441654
0.7753195673549655,0.014584654407102104
0.775811209439528,0.01457541191381495
0.7763028515240905,0.014566181127295796
0.7767944936086529,0.014556962025316422
0.7772861356932154,0.01454775458570523
0.7777777777777778,0.014538558786346356
0.7782694198623402,0.014529374605180001
0.7787610619469026,0.014520202020201989
0.7792527040314651,0.014511041009463765
0.7797443461160275,0.014501891551071844
0.7802359882005899,0.01449275362318836
0.7807276302851525,0.01448362720403018
0.7812192723697149,0.014474512271869133
0.7817109144542773,0.014465408805031443
0.7822025565388397,0.014456316781898182
0.7826941986234022,0.014447236180904488
0.7831858407079646,0.014438166980539902
0.783677482792527,0.014429109159347586
0.7841691248770895,0.014420062695924774
0.7846607669616519,0.014411027568922319
0.7851524090462143,0.01440200375704448
0.7856440511307768,0.014392991239048802
0.7861356932153393,0.014383989993746127
0.7866273352999017,0.014375000000000027
0.7871189773844641,0.014366021236727033
0.7876106194690266,0.014357053682896415
0.788102261553589,0.014348097317529618
0.7885939036381514,0.014339152119700715
0.7890855457227138,0.01433021806853585
0.7895771878072763,0.014321295143212898
0.7900688298918387,0.01431238332296203
0.7905604719764012,0.014303482587064709
0.7910521140609637,0.01429459291485391
0.7915437561455261,0.014285714285714235
0.7920353982300885,0.014276846679081356
0.7925270403146509,0.014267990074441683
0.7930186823992134,0.014259144451332917
0.7935103244837758,0.014250309789343274
0.7940019665683382,0.014241486068111486
0.7944936086529006,0.01423267326732669
0.7949852507374632,0.014223871366728535
0.7954768928220256,0.014215080346106301
0.795968534906588,0.014206300185299559
0.7964601769911505,0.014197530864197505
0.7969518190757129,0.014188772362739077
0.7974434611602753,0.014180024660912505
0.7979351032448377,0.014171287738755423
0.7984267453294002,0.014162561576354649
0.7989183874139626,0.014153846153846183
0.799410029498525,0.014145141451414545
0.7999016715830876,0.01413644744929321
0.80039331366765,0.014127764127764175
0.8008849557522124,0.01411909146715773
0.8013765978367748,0.01411042944785279
0.8018682399213373,0.014101778050275904
0.8023598820058997,0.014705882352941124
0.8028515240904621,0.014696876913655843
0.8033431661750245,0.014687882496939975
0.803834808259587,0.014678899082568808
0.8043264503441495,0.014669926650366705
0.8048180924287119,0.014660965180207652
0.8053097345132744,0.0146520146520146
0.8058013765978368,0.014643075045759568
0.8062930186823992,0.014634146341463428
0.8067846607669616,0.014625228519195566
0.8072763028515241,0.01461632155907433
0.8077679449360865,0.015216068167985375
0.8082595870206489,0.015206812652068136
0.8087512291052114,0.015197568389057725
0.8092428711897739,0.01518833535844466
0.8097345132743363,0.015179113539769307
0.8102261553588987,0.015169902912621325
0.8107177974434612,0.015160703456640334
0.8112094395280236,0.015151515151515138
0.811701081612586,0.01514233797698361
0.8121927236971485,0.015133171912832921
0.8126843657817109,0.015124016938898976
0.8131760078662733,0.015114873035066534
0.8136676499508357,0.015105740181268867
0.8141592920353983,0.015096618357487879
0.8146509341199607,0.015087507543753764
0.8151425762045231,0.015078407720144793
0.8156342182890856,0.015069318866787196
0.816125860373648,0.015662650602409678
0.8166175024582104,0.015653220951234226
0.8171091445427728,0.01564380264741272
0.8176007866273353,0.015634395670475087
0.8180924287118977,0.016225961538461564
0.8185840707964602,0.01621621621621616
0.8190757128810227,0.016206482593037252
0.8195673549655851,0.016196760647870456
0.8200589970501475,0.01618705035971224
0.8205506391347099,0.016177351707609366
0.8210422812192724,0.016167664670658666
0.8215339233038348,0.016157989228007152
0.8220255653883972,0.01614832535885169
0.8225172074729596,0.016138673042438767
0.8230088495575221,0.016726403823178027
0.8235004916420846,0.016716417910447756
0.823992133726647,0.01670644391408116
0.8244837758112095,0.01729278473464524
0.8249754178957719,0.01728247914183556
0.8254670599803343,0.01727218582489576
0.8259587020648967,0.01726190476190481
0.8264503441494592,0.017251635930993436
0.8269419862340216,0.017241379310344862
0.827433628318584,0.01723113487819372
0.8279252704031466,0.017220902612826605
0.828416912487709,0.01721068249258162
0.8289085545722714,0.01720047449584816
0.8294001966568338,0.017190278601067033
0.8298918387413963,0.017180094786729883
0.8303834808259587,0.01716992303137954
0.8308751229105211,0.017159763313609466
0.8313667649950836,0.01714961561206385
0.831858407079646,0.017139479905437405
0.8323500491642084,0.017129356172474908
0.8328416912487709,0.017119244391971655
0.8333333333333334,0.017109144542772903
0.8338249754178958,0.017099056603773533
0.8343166175024582,0.01708898055391872
0.8348082595870207,0.0170789163722026
0.8352999016715831,0.017068864037669162
0.8357915437561455,0.01764705882352946
0.8362831858407079,0.01763668430335097
0.8367748279252704,0.01762632197414804
0.8372664700098329,0.017615971814445075
0.8377581120943953,0.017605633802816878
0.8382497541789578,0.017595307917888547
0.8387413962635202,0.017584994138335253
0.8392330383480826,0.017574692442882234
0.839724680432645,0.01756440281030447
0.8402163225172075,0.017554125219426564
0.8407079646017699,0.01754385964912286
0.8411996066863323,0.017533606078316777
0.8416912487708947,0.017523364485981352
0.8421828908554573,0.017513134851138368
0.8426745329400197,0.017502917152858788
0.8431661750245821,0.017492711370262426
0.8436578171091446,0.0174825174825175
0.844149459193707,0.01747233546884097
0.8446411012782694,0.0174621653084982
0.8451327433628318,0.017452006980802848
0.8456243854473943,0.018023255813953476
0.8461160275319567,0.018012783265543342
0.8466076696165191,0.018002322880371624
0.8470993117010817,0.017991874637260596
0.8475909537856441,0.01798143851508116
0.8480825958702065,0.017971014492753623
0.8485742379547689,0.017960602549246807
0.8490658800393314,0.017950202663578496
0.8495575221238938,0.01793981481481477
0.8500491642084562,0.017929438982070556
0.8505408062930186,0.018497109826589586
0.8510324483775811,0.018486424032351234
0.8515240904621436,0.018475750577367167
0.852015732546706,0.018465089440277027
0.8525073746312685,0.018454440599769306
0.8529990167158309,0.018443804034582123
0.8534906588003933,0.019009216589861766
0.8539823008849557,0.01899827288428324
0.8544739429695182,0.01898734177215189
0.8549655850540806,0.018976423231742423
0.855457227138643,0.018965517241379293
0.8559488692232055,0.01895462377943713
0.856440511307768,0.01894374282433986
0.8569321533923304,0.018932874354561147
0.8574237954768928,0.018922018348623837
0.8579154375614553,0.019484240687679066
0.8584070796460177,0.019473081328751474
0.8588987217305801,0.019461934745277576
0.8593903638151426,0.0194508009153318
0.859882005899705,0.019439679817038313
0.8603736479842674,0.01942857142857146
0.86086529006883,0.01941747572815533
0.8613569321533924,0.01997716894977164
0.8618485742379548,0.02053622361665719
0.8623402163225172,0.02052451539338651
0.8628318584070797,0.02051282051282055
0.8633235004916421,0.021070615034168516
0.8638151425762045,0.021058622652248116
0.8643067846607669,0.021046643913538166
0.8647984267453294,0.021603183627060818
0.8652900688298918,0.021590909090909105
0.8657817109144543,0.021578648495173214
0.8662733529990168,0.02156640181611802
0.8667649950835792,0.021554169030062353
0.8672566371681416,0.02154195011337867
0.867748279252704,0.021529745042492943
0.8682399213372665,0.021517553793884536
0.8687315634218289,0.021505376344086002
0.8692232055063913,0.021493212669683293
0.8697148475909537,0.021481062747314872
0.8702064896755162,0.02203389830508473
0.8706981317600787,0.02202145680406553
0.8711897738446411,0.02257336343115124
0.8716814159292036,0.022560631697687517
0.872173058013766,0.022547914317925577
0.8726647000983284,0.022535211267605604
0.8731563421828908,0.022522522522522515
0.8736479842674533,0.022509848058525628
0.8741396263520157,0.022497187851518552
0.8746312684365781,0.022484541877459296
0.8751229105211407,0.022471910112359605
0.8756145526057031,0.02245929253228518
0.8761061946902655,0.02244668911335579
0.8765978367748279,0.0229949523275379
0.8770894788593904,0.02298206278026904
0.8775811209439528,0.022969187675070057
0.8780727630285152,0.02295632698768202
0.8785644051130777,0.022943480693900398
0.8790560471976401,0.022930648769574957
0.8795476892822025,0.022917831190609306
0.880039331366765,0.02346368715083802
0.8805309734513275,0.02345058626465657
0.8810226155358899,0.0234375
0.8815142576204523,0.02342442833240377
0.8820058997050148,0.02341137123745818
0.8824975417895772,0.023398328690807824
0.8829891838741396,0.023385300668151476
0.883480825958702,0.023372287145242088
0.8839724680432645,0.023359288097886566
0.884464110127827,0.023346303501945553
0.8849557522123894,0.02388888888888885
0.8854473942969519,0.02387562465297055
0.8859390363815143,0.023862375138734793
0.8864306784660767,0.023849140321686058
0.8869223205506391,0.023835920177383563
0.8874139626352016,0.02437673130193907
0.887905604719764,0.02491694352159468
0.8883972468043264,0.02490315439955726
0.8888888888888888,0.02488938053097345
0.8893805309734514,0.02487562189054726
0.8898721730580138,0.02541436464088398
0.8903638151425762,0.025400331308669255
0.8908554572271387,0.02593818984547458
0.8913470993117011,0.025923883066740205
0.8918387413962635,0.025909592061742037
0.8923303834808259,0.02589531680440771
0.8928220255653884,0.025881057268722474
0.8933136676499508,0.025866813428728652
0.8938053097345132,0.02585258525852585
0.8942969518190758,0.02583837273227052
0.8947885939036382,0.025824175824175843
0.8952802359882006,0.025809994508511847
0.895771878072763,0.025795828759604844
0.8962635201573255,0.02578167855183766
0.8967551622418879,0.025767543859649078
0.8972468043264503,0.02630136986301368
0.8977384464110127,0.026286966046002225
0.8982300884955752,0.026272577996715896
0.8987217305801377,0.026805251641137895
0.8992133726647001,0.026790595954073293
0.8997050147492626,0.02677595628415297
0.900196656833825,0.026761332605133803
0.9006882989183874,0.026746724890829743
0.9011799410029498,0.0267321331151118
0.9016715830875123,0.026717557251908386
0.9021632251720747,0.02670299727520431
0.9026548672566371,0.027233115468409563
0.9031465093411996,0.027218290691344627
0.9036381514257621,0.027203482045701888
0.9041297935103245,0.02718868950516584
0.904621435594887,0.02717391304347827
0.9051130776794494,0.0271591526344378
0.9056047197640118,0.02714440825190012
0.9060963618485742,0.027672273467173047
0.9065880039331367,0.02819956616052066
0.9070796460176991,0.028184281842818404
0.9075712881022615,0.028169014084507005
0.908062930186824,0.028695181375202994
0.9085545722713865,0.02867965367965364
0.9090462143559489,0.029204975662520227
0.9095378564405113,0.029189189189189224
0.9100294985250738,0.02917341977309562
0.9105211406096362,0.029157667386609076
0.9110127826941986,0.029141932002158644
0.911504424778761,0.029126213592232997
0.9119960668633235,0.029110512129380095
0.9124877089478859,0.02909482758620685
0.9129793510324484,0.029079159935379684
0.9134709931170109,0.0290635091496233
0.9139626352015733,0.029047875201721363
0.9144542772861357,0.029569892473118253
0.9149459193706981,0.02955400322407309
0.9154375614552606,0.029538131041890403
0.915929203539823,0.030059044551798197
0.9164208456243854,0.030042918454935674
0.9169124877089478,0.03002680965147453
0.9174041297935103,0.030010718113612
0.9178957718780728,0.029994643813604727
0.9183874139626352,0.02997858672376874
0.9188790560471977,0.029962546816479363
0.9193706981317601,0.029946524064171087
0.9198623402163225,0.02993051843933725
0.9203539823008849,0.03044871794871795
0.9208456243854474,0.0304324612920448
0.9213372664700098,0.030416221985058667
0.9218289085545722,0.030399999999999983
0.9223205506391348,0.03038379530916846
0.9228121927236972,0.030367607884922765
0.9233038348082596,0.030883919062832832
0.923795476892822,0.030867482703565763
0.9242871189773845,0.030851063829787195
0.9247787610619469,0.031366294524189264
0.9252704031465093,0.031349628055260315
0.9257620452310718,0.031332979288369645
0.9262536873156342,0.031847133757961776
0.9267453294001966,0.03183023872679047
0.9272369714847591,0.03181336161187698
0.9277286135693216,0.031796502384737635
0.928220255653884,0.03177966101694918
0.9287118977384464,0.03176283748014819
0.9292035398230089,0.031746031746031744
0.9296951819075713,0.032258064516129004
0.9301868239921337,0.03276955602537002
0.9306784660766961,0.03275224511357633
0.9311701081612586,0.032734952481520585
0.9316617502458211,0.032717678100263825
0.9321533923303835,0.03270042194092826
0.932645034414946,0.03321033210332103
0.9331366764995084,0.0337197049525817
0.9336283185840708,0.03370194839389151
0.9341199606686332,0.03368421052631576
0.9346116027531957,0.033666491320357705
0.9351032448377581,0.03364879074658256
0.9355948869223205,0.03415659485023648
0.9360865290068829,0.034138655462184864
0.9365781710914455,0.03464566929133861
0.9370698131760079,0.0346274921301154
0.9375614552605703,0.035133717881489224
0.9380530973451328,0.035115303983228485
0.9385447394296952,0.03562074384494496
0.9390363815142576,0.03560209424083771
0.93952802359882,0.03610675039246469
0.9400196656833825,0.03608786610878656
0.9405113077679449,0.03606900156821746
0.9410029498525073,0.03657262277951934
0.9414945919370699,0.036553524804177506
0.9419862340216323,0.03705636743215035
0.9424778761061947,0.03703703703703709
0.9429695181907571,0.03701772679874871
0.9434611602753196,0.03699843668577385
0.943952802359882,0.03749999999999998
0.9444444444444444,0.03748047891723061
0.9449360865290068,0.037460978147762725
0.9454277286135693,0.03744149765990634
0.9459193706981318,0.037422037422037424
0.9464110127826942,0.03792207792207791
0.9469026548672567,0.037902388369678075
0.9473942969518191,0.03788271925272446
0.9478859390363815,0.037863070539419064
0.948377581120944,0.03784344219803004
0.9488692232055064,0.0383419689119171
0.9493608652900688,0.038322112894873084
0.9498525073746312,0.038302277432712195
0.9503441494591937,0.0382824624935334
0.9508357915437562,0.0382626680455016
0.9513274336283186,0.03875968992248058
0.951819075712881,0.038739669421487655
0.9523107177974435,0.03923593185338148
0.9528023598820059,0.039215686274509776
0.9532940019665683,0.03919546157813303
0.9537856440511308,0.039690721649484506
0.9542772861356932,0.040185471406491535
0.9547689282202556,0.040164778578784754
0.9552605703048181,0.04014410705095217
0.9557522123893806,0.04012345679012341
0.956243854473943,0.04061696658097691
0.9567354965585054,0.041109969167523075
0.9572271386430679,0.04160246533127887
0.9577187807276303,0.04158110882956878
0.9582104228121927,0.04207285787583381
0.9587020648967551,0.04205128205128206
0.9591937069813176,0.042029728344438744
0.95968534906588,0.04252049180327866
0.9601769911504425,0.042498719918074745
0.960668633235005,0.04298874104401229
0.9611602753195674,0.042966751918158574
0.9616519174041298,0.043456032719836446
0.9621435594886922,0.04394481349003576
0.9626352015732547,0.044433094994892786
0.9631268436578171,0.0444104134762634
0.9636184857423795,0.04489795918367345
0.9641101278269419,0.04487506374298822
0.9646017699115044,0.04485219164118248
0.9650934119960669,0.04533876719307184
0.9655850540806293,0.04582484725050917
0.9660766961651918,0.04580152671755722
0.9665683382497542,0.04628687690742628
0.9670599803343166,0.0462633451957295
0.967551622418879,0.0467479674796748
0.9680432645034415,0.04672422549517519
0.9685349065880039,0.04720812182741119
0.9690265486725663,0.047691527143581935
0.9695181907571289,0.047667342799188606
0.9700098328416913,0.04764318297009629
0.9705014749262537,0.04761904761904767
0.9709931170108161,0.047594936708860724
0.9714847590953786,0.04757085020242913
0.971976401179941,0.04754678806272128
0.9724680432645034,0.04752275025278063
0.9729596853490659,0.04749873673572513
0.9734513274336283,0.04797979797979801
0.9739429695181907,0.0484603735487128
0.9744346116027532,0.048435923309788076
0.9749262536873157,0.04841149773071107
0.9754178957718781,0.04889112903225812
0.9759095378564405,0.048866498740554154
0.976401179941003,0.04884189325276933
0.9768928220255654,0.04932058379466531
0.9773844641101278,0.0497987927565392
0.9778761061946902,0.04977375565610864
0.9783677482792527,0.05025125628140703
0.9788593903638152,0.05022601707684582
0.9793510324483776,0.050200803212851364
0.97984267453294,0.05017561465127951
0.9803343166175025,0.05065195586760285
0.9808259587020649,0.05112781954887213
0.9813176007866273,0.051603206412825675
0.9818092428711898,0.052078117175763605
0.9823008849557522,0.052552552552552534
0.9827925270403146,0.05252626313156583
0.983284169124877,0.05249999999999999
0.9837758112094396,0.05297351324337829
0.984267453294002,0.05344655344655347
0.9847590953785644,0.05341987019470795
0.9852507374631269,0.053393213572854314
0.9857423795476893,0.053366583541147095
0.9862340216322517,0.053838484546360865
0.9867256637168141,0.05430991529646234
0.9872173058013766,0.054780876494023856
0.987708947885939,0.054753608760577444
0.9882005899705014,0.055223880597014885
0.988692232055064,0.05569368473396319
0.9891838741396264,0.0561630218687873
0.9896755162241888,0.05663189269746649
0.9901671583087512,0.05710029791459781
0.9906588003933137,0.05707196029776673
0.9911504424778761,0.05704365079365081
0.9916420845624385,0.057015369360436274
0.992133726647001,0.0569871159563925
0.9926253687315634,0.05695889053987124
0.9931170108161259,0.05693069306930698
0.9936086529006883,0.057397328055418084
0.9941002949852508,0.05786350148367958
0.9945919370698132,0.05832921403855662
0.9950835791543756,0.058794466403162104
0.995575221238938,0.059259259259259234
0.9960668633235005,0.05972359328726551
0.9965585054080629,0.0601874691662555
0.9970501474926253,0.06065088757396453
0.9975417895771878,0.061113849186791525
0.9980334316617503,0.061576354679802936
0.9985250737463127,0.06203840472673561
0.9990167158308751,0.06200787401574803
0.9995083579154376,0.062469257255287736
1.0,0.0629301868239921
